id,sdesc,gold,affects/0/id,affects/0/by,affects/1/id,affects/1/by,affects/2/id,affects/2/by,affects/3/id,affects/3/by,affects/4/id,affects/4/by,affects/5/id,affects/5/by,affects/6/id,affects/6/by,affects/7/id,affects/7/by,affects/8/id,affects/8/by
553,a banded ring,8,mn,30,age,10,,,,,,,,,,,,,,
1216,a banner of Camelot,13,int,1,con,1,hp,10,,,,,,,,,,,,
1990,a barbed mancatcher,41,str,1,dex,1,con,1,dr,4,,,,,,,,,,
1991,a barbed spear,18,hr,2,dr,1,,,,,,,,,,,,,,
1992,a bardiche,20,hr,4,,,,,,,,,,,,,,,,
3,a Barrik's cloak of darkness,108,str,2,hp,50,hr,6,dr,6,,,,,,,,,,
877,a Barrik's Helmet,78,ac,-35,hp,50,hr,3,dr,5,sv psn,-4,,,,,,,,
1994,a Barrik's sword,88,hr,4,dr,7,str,2,dex,1,lck,1,,,,,,,,
146,a battered iron breast plate,30,hr,-6,,,,,,,,,,,,,,,,
1312,a bead necklace,10,hr,2,,,,,,,,,,,,,,,,
1996,a Beastmans Spear,20,str,2,hp,25,,,,,,,,,,,,,,
1313,a beautiful blue coral pendant,40,hp,20,hr,3,dr,2,,,,,,,,,,,,
149,a beautiful iron breast plate,5,hr,1,,,,,,,,,,,,,,,,
1997,a beautiful scimitar,29,dex,1,hr,2,dr,-2,,,,,,,,,,,,
1314,a beholder holy symbol,9,mn,20,sv sp,-2,sv par,-5,wis,1,,,,,,,,,,
1999,a beholder toothpick,46,hr,4,dr,3,dex,1,,,,,,,,,,,,
1888,a belt of golem-strength,8,str,2,,,,,,,,,,,,,,,,
2000,a Benwick Basher,32,str,1,wis,1,hp,3,dr,3,,,,,,,,,,
1315,a billowing white cape,39,hp,20,mn,15,hr,2,dr,2,age,20,,,,,,,,
1316,a black cape,5,hr,1,,,,,,,,,,,,,,,,
2002,a black demon blade,13,hr,1,dr,1,,,,,,,,,,,,,,
448,a black Doom insignia visor,48,hp,10,hr,1,dr,1,str,-2,int,-2,cha,-2,lck,-2,,,,
150,a black dragonscale hauberk,156,mn,75,hr,7,dr,7,ac,-50,hp,100,,,,,,,,
6,a black drow cloak,8,mn,30,sv rod,-5,ac,-20,sv par,-5,,,,,,,,,,
2003,"a black hilted sword called ""Doomgiver""",183,hr,9,dr,10,ac,-20,sv par,-3,hp,100,mn,50,,,,,,
2004,"a black hilted sword called ""Dragonslicer""",168,hp,75,mn,60,hr,8,dr,10,sv br,-15,,,,,,,,
2005,"a black hilted sword named ""Townsaver""",170,hp,100,hr,9,dr,9,ac,-50,str,1,dex,1,,,,,,
449,a black knight's visor,11,str,1,con,2,,,,,,,,,,,,,,
450,a black leather eyepatch,24,dex,-1,cha,-2,hr,1,dr,1,,,,,,,,,,
878,a black leather hood,39,con,-1,hp,25,dr,3,,,,,,,,,,,,
2413,a black metallic wristlet,45,str,-1,con,-1,hr,3,dr,3,,,,,,,,,,
999,a black pearl,9,wis,1,hp,10,mv,25,,,,,,,,,,,,
1317,a black plate neckguard,11,wis,1,dr,1,,,,,,,,,,,,,,
1892,a black silk belt,20,con,2,cha,1,lck,1,hp,10,,,,,,,,,,
2006,a Black Steel Knife,118,hp,50,hr,5,dr,9,,,,,,,,,,,,
1217,a black stick crowned with a skull,3,hp,5,sv psn,-1,,,,,,,,,,,,,,
151,a black vest over a white shirt,20,hp,10,dr,-2,,,,,,,,,,,,,,
880,a black brimmed hat,60,dex,2,hp,30,dr,5,,,,,,,,,,,,
2007,a blackened mace,48,hp,15,hr,2,dr,4,,,,,,,,,,,,
416,"a blackened shard named ""Infinity""",60,hr,3,dr,3,ac,-5,sv par,-1,int,2,hp,30,,,,,,
1893,a blackened mangled belt,41,hp,10,hr,2,dr,3,sv br,-2,dex,1,,,,,,,,
153,a blacksmith's leather apron,8,dex,-2,,,,,,,,,,,,,,,,
2008,a blade of fire,39,dex,-1,hr,4,dr,2,,,,,,,,,,,,
2009,a blazing scimitar,11,str,3,,,,,,,,,,,,,,,,
1790,a blazing staff of fire,4,int,1,,,,,,,,,,,,,,,,
154,a blazing white surcoat,4,con,1,sv sp,-8,,,,,,,,,,,,,,
2010,a blood dagger,81,str,-2,dex,3,hr,5,dr,5,,,,,,,,,,
2011,a blood encrusted sacrificial dagger,175,hp,100,hr,10,dr,10,,,,,,,,,,,,
1002,a blood red stone,10,hp,20,,,,,,,,,,,,,,,,
1318,a bloodstone collar,60,lck,-2,hp,40,hr,2,dr,3,,,,,,,,,,
451,a bloody eyepatch,33,dr,2,hp,15,hr,2,,,,,,,,,,,,
2012,a bloody sabre,96,dex,2,cha,-3,hr,5,dr,7,,,,,,,,,,
417,a bloody scale,14,cha,-2,mn,5,hr,1,ac,-3,,,,,,,,,,
2013,a blue dragon's claw,41,con,1,hp,20,mn,10,hr,2,dr,2,,,,,,,,
1319,a blue-silver iron gorget,38,str,1,con,1,hp,30,dr,2,ac,-5,,,,,,,,
2014,a bo staff,30,ac,7,mv,50,dr,4,,,,,,,,,,,,
2015,a bone axe,58,str,2,hr,-4,dr,4,,,,,,,,,,,,
155,a bone breastplate,19,mv,-50,dr,2,dex,-1,,,,,,,,,,,,
2414,a bracelet of bronze set with jade,8,str,1,lck,1,,,,,,,,,,,,,,
2415,a bracelet of ruby,16,wis,1,cha,1,lck,1,hp,10,sv sp,-1,,,,,,,,
2416,a bracelet of small diamonds,4,cha,1,,,,,,,,,,,,,,,,
2417,a bracer of fire,35,str,2,con,2,hp,20,hr,2,,,,,,,,,,
2418,a Bracer of Light,40,hr,2,dr,3,str,2,,,,,,,,,,,,
1894,a braided leather belt,4,con,1,,,,,,,,,,,,,,,,
1218,a Brand of Honor,31,dr,2,hp,15,mn,15,hr,1,,,,,,,,,,
8,a Braughton of the Clan Dubh Glas,43,hp,40,dr,3,ac,-20,age,10,,,,,,,,,,
2419,a bright silver bracer,6,str,1,hp,5,,,,,,,,,,,,,,
1724,a brightly coloured kite,8,cha,2,,,,,,,,,,,,,,,,
1219,a brightly flaming stone,8,hp,15,sv br,-5,ac,-2,,,,,,,,,,,,
1725,a brightly glowing shield,36,wis,1,hp,10,mn,10,hr,2,dr,2,ac,-20,,,,,,
1320,a broach of life,25,hp,50,,,,,,,,,,,,,,,,
2017,a broadsword,63,hp,25,hr,4,dr,4,,,,,,,,,,,,
555,a bronze ring,4,mn,15,,,,,,,,,,,,,,,,
2018,a broom,38,hr,3,dr,-3,,,,,,,,,,,,,,
1321,a brown cloth cloak,4,dex,1,,,,,,,,,,,,,,,,
157,a brown robe,3,mn,10,,,,,,,,,,,,,,,,
1727,a bulette carapace shield,34,con,1,dr,3,ac,-10,str,1,wis,1,,,,,,,,
882,a Calabarius-marked helm,14,dex,1,mn,25,sv sp,-5,int,1,,,,,,,,,,
2019,a Camel Prod,45,str,2,hr,3,dr,3,,,,,,,,,,,,
1322,a cape of Camelot,15,int,2,hp,15,mv,20,ac,-10,,,,,,,,,,
10,a cape of darkest black,15,dr,2,ac,-10,,,,,,,,,,,,,,
556,a carved wooden ring,9,hp,2,dr,1,,,,,,,,,,,,,,
2020,a cat of nine tails,103,dex,2,hp,40,hr,6,dr,6,,,,,,,,,,
883,a chameleon poncho,8,dex,2,ac,-3,,,,,,,,,,,,,,
2421,a charm bracelet,4,lck,1,,,,,,,,,,,,,,,,
2021,a charred broad axe,43,hr,4,dr,3,ac,-5,,,,,,,,,,,,
160,a chef's apron,3,hp,5,ac,-5,,,,,,,,,,,,,,
2022,a chef's knife,58,hr,3,dr,3,hp,40,,,,,,,,,,,,
161,a chequered shirt,3,hp,5,ac,-5,,,,,,,,,,,,,,
1007,a chunk of purple quartz,4,lck,1,,,,,,,,,,,,,,,,
884,a circlet of hazel,13,mn,50,,,,,,,,,,,,,,,,
885,a circlet of hazel,13,mn,50,,,,,,,,,,,,,,,,
11,a cloak made of Calumpy's fur,8,mv,-75,ac,-30,dex,-2,,,,,,,,,,,,
12,a Cloak of Demons,109,str,1,hp,40,hr,5,dr,8,,,,,,,,,,
13,a Cloak of Light,116,dr,7,str,3,hp,50,mn,50,hr,3,,,,,,,,
2024,a coil of rope,48,hr,-5,dr,3,,,,,,,,,,,,,,
1898,a colourful belt,11,wis,1,dex,2,ac,-7,,,,,,,,,,,,
2026,a compact crossbow,55,dex,2,hp,5,dr,6,,,,,,,,,,,,
2422,a copper bracelet,20,hp,10,dr,2,,,,,,,,,,,,,,
1221,a copper lantern,18,int,2,hr,2,ac,-5,,,,,,,,,,,,
2028,a cowhide whip,10,hr,2,,,,,,,,,,,,,,,,
452,a cracked monocole,75,hp,30,hr,6,dr,4,sv sp,-10,sv psn,-5,,,,,,,,
1728,a crested shield,10,con,2,hp,5,ac,-5,,,,,,,,,,,,
1729,a crested shield ,4,dex,1,sv sp,-5,,,,,,,,,,,,,,
163,a Crimson Breastplate,51,str,1,hp,50,dr,3,ac,-10,,,,,,,,,,
2029,a Crimson Sabre,75,str,1,mn,75,hr,6,dr,3,ac,-5,,,,,,,,
887,a crown of jewels,23,wis,2,cha,2,hp,15,,,,,,,,,,,,
2423,a crystal dragon bracer,41,hr,2,dr,2,ac,-10,str,1,hp,10,mn,30,,,,,,
2031,a crystal dragon's claw,24,lck,1,hp,1,mn,20,dr,2,,,,,,,,,,
418,a crystal pixie wing,8,int,2,,,,,,,,,,,,,,,,
419,a crystal shard of Doom,88,hp,40,hr,3,dr,6,str,1,dex,1,,,,,,,,
420,a crystaline teardrop,39,wis,1,dex,1,hp,20,mn,25,dr,2,,,,,,,,
1010,a cuddly stuffed dragon,23,cha,2,lck,2,ac,15,dex,-2,,,,,,,,,,
2424,a cuff of fire,28,con,2,hr,1,dr,2,sv psn,-2,ac,-10,,,,,,,,
164,a cuir-bouilli breastplate,35,dex,-1,con,1,hp,25,dr,2,ac,-5,,,,,,,,
888,a cuir-bouilli helmet,15,dr,2,ac,-5,,,,,,,,,,,,,,
2032,a curved scimitar,70,hr,5,dr,6,,,,,,,,,,,,,,
2033,a curved scimitar ,2,hp,3,,,,,,,,,,,,,,,,
2034,"a cutlass named ""Windlass""",110,dex,2,hp,30,hr,7,dr,7,,,,,,,,,,
2035,a dagger of Camelot,38,hr,3,dr,3,,,,,,,,,,,,,,
1323,a dark blue cloak,1,mn,5,ac,-6,,,,,,,,,,,,,,
165,a dark buckskin tunic,26,wis,1,lck,1,mn,60,ac,-10,str,1,,,,,,,,
16,a dark green cloak,3,hp,5,,,,,,,,,,,,,,,,
166,a dark red hooded robe,10,int,1,wis,1,mn,10,,,,,,,,,,,,
1899,a dark ever shifting belt,68,str,-1,dex,1,mn,60,hr,3,dr,4,ac,-25,,,,,,
557,a Darkblade ring of Death,69,str,1,hp,30,hr,4,dr,4,,,,,,,,,,
558,a dazzling sapphire ring,16,dex,1,hp,5,hr,2,,,,,,,,,,,,
167,a deadly ridged breastplate,60,mv,-200,dr,8,ac,-30,,,,,,,,,,,,
2036,a deadly spear,51,hp,35,mv,-50,dr,3,str,2,dex,-1,,,,,,,,
1011,a deck of playing cards,8,wis,1,dex,1,,,,,,,,,,,,,,
559,a deep red ring of the underworld,43,mn,60,hr,4,str,1,wis,1,,,,,,,,,,
1013,a deep red stone ,4,dex,1,,,,,,,,,,,,,,,,
168,a demonic cage,41,wis,-2,lck,3,mv,-50,str,-6,,,,,,,,,,
2037,a Demonic Mace,126,str,-1,dex,-2,hp,50,mn,50,hr,5,dr,7,,,,,,
1793,a devilish talisman,5,hp,-10,,,,,,,,,,,,,,,,
1794,a devilish talisman,5,hp,-10,,,,,,,,,,,,,,,,
1325,a diamond brooch,6,mn,25,,,,,,,,,,,,,,,,
560,a diamond ring,38,hr,3,dr,3,,,,,,,,,,,,,,
1014,a dirty wash rag,19,wis,1,dex,1,cha,-3,,,,,,,,,,,,
421,A dog-earred earring,106,dr,4,ac,-25,hp,75,mn,75,hr,4,,,,,,,,
169,a double chainmail hauberk,18,con,2,hp,20,sv sp,-5,ac,-5,,,,,,,,,,
2038,a double-bladed fighting knife,90,dr,4,hp,60,hr,6,,,,,,,,,,,,
889,a draconian helmet,5,hp,10,ac,-5,,,,,,,,,,,,,,
1900,a dragon armband,46,str,2,con,3,mn,30,hr,4,ac,2,,,,,,,,
1900,a dragon armband,46,str,2,con,3,mn,30,hr,4,ac,2,,,,,,,,
2039,a dragon fang,104,str,1,hp,50,hr,3,dr,8,ac,-15,,,,,,,,
2426,a dragon skin bracelet,3,hp,5,ac,-10,,,,,,,,,,,,,,
2040,a dragon tailed whip,50,ac,-5,dex,1,mn,15,hr,4,dr,3,,,,,,,,
2041,a dragon's tooth knife,71,dex,1,hp,40,hr,2,dr,5,sv br,-4,,,,,,,,
170,a dragonscale breastplate,109,dr,6,ac,-40,str,1,hp,100,hr,2,,,,,,,,
1901,a dragonscale girth,38,hp,20,hr,1,dr,3,sv br,-5,,,,,,,,,,
890,a dragonscale helmet,68,hp,25,hr,2,dr,6,,,,,,,,,,,,
1730,a dragonscale shield,5,ac,-25,hr,1,sv br,-3,,,,,,,,,,,,
1731,a dragonscale shield ,50,hp,25,dr,5,,,,,,,,,,,,,,
1902,a dragon-skin belt,25,dr,2,sv br,-8,hr,2,,,,,,,,,,,,
1326,a drow holy symbol,18,con,-1,mn,40,sv sp,-5,wis,1,,,,,,,,,,
1016,a druidic staff,11,wis,2,mn,15,mv,40,,,,,,,,,,,,
1017,a druish staff,11,cha,1,lck,1,mn,15,,,,,,,,,,,,
561,a dwarven golden ring,15,hp,5,hr,1,dr,1,,,,,,,,,,,,
892,a dwarven helmet,8,wis,2,,,,,,,,,,,,,,,,
2042,a dwarven mining pick,35,hp,20,hr,2,dr,2,,,,,,,,,,,,
2043,a dwarven stone club,20,hp,10,dr,2,,,,,,,,,,,,,,
454,a facewrap,5,hr,1,,,,,,,,,,,,,,,,
1222,A Faerie Trefoil (area pop),19,lck,3,mn,-30,,,,,,,,,,,,,,
171,a farmer's longjohns,4,con,1,,,,,,,,,,,,,,,,
1904,a filthy loincloth,13,con,-1,cha,-1,mn,20,sv sp,-10,sv psn,-10,sv br,-10,sv rod,-5,sv par,-5,,
2045,a fine cleaver,11,str,3,,,,,,,,,,,,,,,,
2046,a fine handaxe,30,hp,15,hr,3,dr,1,,,,,,,,,,,,
1327,a fine mesh collar,24,hp,-10,mn,-15,hr,3,ac,-10,,,,,,,,,,
893,a fishbone hair comb,34,hr,4,sv par,-2,hp,20,mn,15,,,,,,,,,,
2047,a fishing net,45,hp,15,hr,3,dr,3,,,,,,,,,,,,
2048,a flamberge,63,hr,-5,dr,5,,,,,,,,,,,,,,
2049,a flame lance,53,hr,1,dr,5,ac,-8,hp,20,,,,,,,,,,
1328,a flame red cape,20,hp,10,dr,2,ac,-5,,,,,,,,,,,,
2050,a flaming axe,90,hp,40,hr,5,dr,6,ac,-10,,,,,,,,,,
2051,a Flaming Flail,99,hp,40,dr,8,str,1,wis,-3,con,1,,,,,,,,
2052,a flaming pike,38,hr,-3,dr,3,,,,,,,,,,,,,,
894,a flawless crown,8,con,2,sv sp,-8,,,,,,,,,,,,,,
173,a flowing white smock,4,int,1,,,,,,,,,,,,,,,,
2053,a Footman's lance,38,dr,5,ac,-10,,,,,,,,,,,,,,
895,a foxpelt,8,hp,-15,,,,,,,,,,,,,,,,
562,a frosty roseate ring,8,str,1,hp,6,mn,6,,,,,,,,,,,,
2054,a frozen asparagus spear,5,hr,1,,,,,,,,,,,,,,,,
2055,a frying pan,26,str,1,dr,3,,,,,,,,,,,,,,
2056,a gardening hoe,8,str,2,,,,,,,,,,,,,,,,
1330,a gem encrusted dog collar,4,int,1,ac,-1,,,,,,,,,,,,,,
897,a gem-encrusted turban,44,dex,-1,cha,4,hp,-50,ac,-10,,,,,,,,,,
2057,a gigantic club,38,ac,10,dr,5,,,,,,,,,,,,,,
175,a gilded gold breast okate,55,hp,50,dr,4,,,,,,,,,,,,,,
1906,a girdle of giant strength,11,str,3,,,,,,,,,,,,,,,,
1908,a girth of mangled hide,96,str,-1,dex,1,cha,-5,hp,40,hr,4,dr,4,sv par,-4,,,,
1019,a glass trinket,6,int,1,mn,10,,,,,,,,,,,,,,
2059,a gleaming adamantium mace,18,hr,2,dr,1,,,,,,,,,,,,,,
1732,a gleaming bone buckler,10,hr,2,ac,-20,,,,,,,,,,,,,,
563,a glinting ring of silver,9,hp,5,mn,5,hr,1,ac,-3,,,,,,,,,,
1331,a glistening red pentagram,30,hp,10,hr,2,dr,2,sv sp,-2,ac,-15,,,,,,,,
1332,a glowing necklace,19,lck,1,hp,10,mn,40,,,,,,,,,,,,
176,a glowing suit of banded mail,8,dex,2,ac,-4,,,,,,,,,,,,,,
2060,a gnarled magius staff,48,mn,40,dr,5,,,,,,,,,,,,,,
2061,a gnarled sceptre,41,dex,1,hr,3,dr,3,,,,,,,,,,,,
2428,a gold chain bracelet,13,str,1,dex,1,hr,1,,,,,,,,,,,,
2063,a gold dragon's claw,44,hp,20,mn,20,hr,2,dr,2,int,1,,,,,,,,
564,a gold ring,16,dex,-1,hr,1,dr,1,sv sp,1,,,,,,,,,,
565,a gold ring ,5,mn,20,,,,,,,,,,,,,,,,
566,a gold ring set with jade,8,int,1,wis,1,,,,,,,,,,,,,,
1020,a gold Xvart idol,20,mv,10,hr,1,dr,1,hp,10,mn,10,,,,,,,,
2064,a golden axe,78,dex,2,hr,2,dr,8,,,,,,,,,,,,
898,a Golden Circlet,113,int,-15,wis,-15,,,,,,,,,,,,,,
899,a golden crown,70,hp,25,mn,60,hr,1,dr,5,,,,,,,,,,
1021,a golden dragon statuette,16,int,1,lck,2,mn,20,,,,,,,,,,,,
1733,a golden dragonscale shield,10,hr,2,sv br,-3,ac,-6,,,,,,,,,,,,
177,a golden dragonscale torso,58,lck,1,hp,40,hr,3,dr,2,sv sp,-3,ac,-6,con,1,,,,
1798,a golden flute,23,int,-6,,,,,,,,,,,,,,,,
178,a golden gown,11,cha,3,,,,,,,,,,,,,,,,
900,a golden helm and visor,30,int,1,wis,1,dr,3,,,,,,,,,,,,
1333,a golden holy symbol,3,mn,10,,,,,,,,,,,,,,,,
1334,a golden necklace,10,int,1,wis,-1,mn,8,age,10,,,,,,,,,,
567,a golden ring encrusted with diamonds,14,str,1,hp,10,mn,20,,,,,,,,,,,,
1224,a Golden Sceptre,5,mn,20,,,,,,,,,,,,,,,,
1022,a golden sceptre ,73,hp,50,mn,50,hr,4,dr,2,,,,,,,,,,
2065,a golden scimitar,8,int,1,wis,1,,,,,,,,,,,,,,
1335,a golden torque,58,wis,1,con,1,mn,40,hr,2,dr,4,,,,,,,,
2066,a grappling hook,30,con,1,dr,3,dex,1,,,,,,,,,,,,
1456,a gravedigger's spade,5,hr,1,ac,-5,,,,,,,,,,,,,,
2067,a graverobber's chisel,20,hr,4,ac,-6,,,,,,,,,,,,,,
2068,a green-glowing sword,88,str,2,dex,2,hp,25,hr,6,dr,4,,,,,,,,
901,a grime covered helmet,11,ac,-7,cha,-1,lck,2,,,,,,,,,,,,
1909,a guard's waistflesh,11,con,1,str,2,,,,,,,,,,,,,,
1910,a halfling-hair belt,28,hp,20,mn,30,hr,2,,,,,,,,,,,,
455,a halfling's glasses,4,wis,1,,,,,,,,,,,,,,,,
2070,a hand axe,13,dr,1,hr,1,,,,,,,,,,,,,,
1800,a hand-carved pipe,8,int,2,,,,,,,,,,,,,,,,
1734,a hardened leather buckler,16,ac,-5,dex,-1,hr,1,dr,1,,,,,,,,,,
1735,a headstone's stolen plaque,8,str,1,cha,-1,,,,,,,,,,,,,,
1336,a heart shaped medallion,11,wis,2,con,-1,,,,,,,,,,,,,,
2071,a heavy battle axe,64,str,2,wis,-2,dex,-3,con,2,hr,3,dr,2,,,,,,
903,a helm made from a dragon's skull,11,int,-1,con,2,,,,,,,,,,,,,,
904,a Helm of Invisibility,73,wis,2,hp,20,mn,40,hr,3,dr,4,,,,,,,,
905,a helmet of the royal guard,9,ac,-10,wis,1,hp,10,,,,,,,,,,,,
906,a helmet with a four-foot spike,23,con,2,dr,2,ac,-5,,,,,,,,,,,,
1736,a Heroes Shield,8,dr,1,,,,,,,,,,,,,,,,
2074,a holy staff of Dumathoin,10,mn,40,,,,,,,,,,,,,,,,
1337,a holy symbol,4,int,-1,,,,,,,,,,,,,,,,
1338,a holy symbol ,4,mn,15,,,,,,,,,,,,,,,,
907,a horned minotaur helm,4,wis,1,,,,,,,,,,,,,,,,
1339,a horse shoe,5,hr,1,,,,,,,,,,,,,,,,
2075,a huge crossbow,88,hr,7,dr,5,hp,30,,,,,,,,,,,,
2077,a huge mithril mace,16,hp,2,dr,2,,,,,,,,,,,,,,
2078,a huge morningstar,60,hp,30,dr,6,,,,,,,,,,,,,,
1737,a huge shield of oak,75,hp,50,hr,4,dr,4,ac,-20,,,,,,,,,,
1738,a huge tower shield,25,hr,2,dr,2,,,,,,,,,,,,,,
181,a Humanskin vest,30,cha,-4,dr,2,,,,,,,,,,,,,,
908,a hurricane helmet,18,wis,1,mn,15,hr,2,sv br,-4,,,,,,,,,,
1340,a jade necklace,4,wis,1,,,,,,,,,,,,,,,,
909,a jester's hat,39,dex,3,con,1,hr,4,wis,-1,,,,,,,,,,
2081,a jeweled dagger,91,hp,40,hr,6,dr,5,str,-1,,,,,,,,,,
2082,a Khopesh Sword,25,mv,20,hr,2,dr,2,,,,,,,,,,,,
2083,a knight's greatsword,47,hp,4,dr,6,,,,,,,,,,,,,,
2084,a Kontaur longsword,61,hr,1,dr,6,str,1,wis,-1,dex,1,,,,,,,,
2086,a large claymore,64,con,1,hp,10,hr,-2,dr,6,ac,-5,,,,,,,,
2088,a large dwarven battle axe,55,ac,-5,hp,20,dr,6,,,,,,,,,,,,
2089,a large guisarme,14,dex,-1,hr,2,,,,,,,,,,,,,,
1028,a large white lily,4,mn,15,,,,,,,,,,,,,,,,
2090,a leaky quill,36,cha,-1,hp,4,hr,3,dr,2,,,,,,,,,,
2429,a leather vambrace,16,str,1,hr,1,dr,1,,,,,,,,,,,,
2091,a leather whip,45,cha,2,hr,3,dr,3,,,,,,,,,,,,
2092,a leatherworker's awl,58,dex,2,hp,35,hr,2,dr,3,sv sp,-3,,,,,,,,
2093,a light silver dagger,9,dex,1,hr,1,,,,,,,,,,,,,,
1742,a lightweight shield of Cold Blue,96,dex,1,hp,60,hr,5,dr,5,,,,,,,,,,
1914,a lion-crested belt,23,str,2,dr,2,,,,,,,,,,,,,,
2430,a lion-crested bracer,23,str,2,dr,2,,,,,,,,,,,,,,
912,a lion-crested helm,23,mn,30,dr,2,,,,,,,,,,,,,,
1343,a lion-crested neck guard,38,hp,35,hr,4,,,,,,,,,,,,,,
185,a lion-crested plate,63,hp,50,hr,3,dr,3,,,,,,,,,,,,
1344,a long blue evening cloak,11,mn,15,ac,-5,hp,15,,,,,,,,,,,,
2094,a long bow,5,hr,1,,,,,,,,,,,,,,,,
2095,a long pike,33,hr,2,dr,3,,,,,,,,,,,,,,
2096,a long slim dagger,13,dr,1,hr,1,,,,,,,,,,,,,,
2099,a long sword ,20,hr,1,dr,2,,,,,,,,,,,,,,
24,a long black Doom insignia cape,38,str,-2,int,-2,hr,3,dr,1,,,,,,,,,,
2100,a long grey branch,10,hr,-2,,,,,,,,,,,,,,,,
2102,a longsword,10,hr,2,,,,,,,,,,,,,,,,
422,a loop of gold wire,6,lck,1,mn,10,,,,,,,,,,,,,,
2103,a lumber axe,25,hp,10,hr,1,dr,2,,,,,,,,,,,,
569,a lunatic's joybuzzer,64,str,1,hp,20,hr,4,dr,4,,,,,,,,,,
1151,a lunatic's kilt,76,dex,1,hp,25,hr,3,dr,6,,,,,,,,,,
25,a luxurious fur cloak,15,ac,-5,str,1,int,1,hp,15,,,,,,,,,,
2104,a mace with the crest of Aurora,11,str,1,dr,1,,,,,,,,,,,,,,
2105,a magical sword,69,str,-1,dex,2,mv,50,hr,4,dr,5,,,,,,,,
2106,a Manta's Sting,46,sv sp,-3,cha,-1,hr,4,dr,3,,,,,,,,,,
2107,a many-notched axe,69,dex,-1,hp,40,dr,6,ac,-15,,,,,,,,,,
913,a Mask of a Thousand Faces,95,hp,50,hr,5,dr,6,,,,,,,,,,,,
2112,a menacing granitic blade,18,hr,2,dr,1,,,,,,,,,,,,,,
1915,a metallic belt,49,dex,1,hr,3,dr,3,ac,-25,wis,-2,,,,,,,,
2432,a mind flayer tentacle,9,wis,1,mn,20,,,,,,,,,,,,,,
27,a mind flayer's robe,54,int,1,hp,100,,,,,,,,,,,,,,
1345,a minion's memorial pendant of satan,13,int,1,mn,35,sv br,-3,,,,,,,,,,,,
28,a minor globe of invulnerability,19,cha,-5,sv br,-5,,,,,,,,,,,,,,
2114,a minotaur glaive,75,hp,25,hr,5,dr,5,,,,,,,,,,,,
2115,a Misinkii Bow,25,wis,2,hr,2,dr,1,sv sp,-5,,,,,,,,,,
2116,a mithril axe,19,con,1,mv,-20,dr,2,,,,,,,,,,,,
2433,a mithril bracer,4,str,1,,,,,,,,,,,,,,,,
186,a mithril breastplate,38,hr,3,dr,3,ac,-20,,,,,,,,,,,,
1916,a mithril girth,8,con,2,,,,,,,,,,,,,,,,
2117,a mithril hammer,14,str,1,hr,2,,,,,,,,,,,,,,
915,a mithril helm,10,hr,2,,,,,,,,,,,,,,,,
2118,a mithril mace,41,str,1,hr,3,dr,3,,,,,,,,,,,,
187,a mithril vest,15,dr,1,str,2,,,,,,,,,,,,,,
570,a moonstone ring,15,mn,60,,,,,,,,,,,,,,,,
2119,a Morgul halberd,58,hp,25,hr,3,dr,4,,,,,,,,,,,,
916,a multi-coloured beanie,12,dex,1,con,1,hp,8,,,,,,,,,,,,
1347,a mystical amulet,20,hp,10,dr,2,,,,,,,,,,,,,,
2121,a nasty torturer's whip,68,hr,4,dr,5,hp,20,,,,,,,,,,,,
571,a nazgul ring of power,15,str,2,wis,2,,,,,,,,,,,,,,
1349,a necklace of raven feathers,33,wis,1,mn,100,int,1,,,,,,,,,,,,
2122,a nightgaunt's tickler,20,hr,1,dr,2,,,,,,,,,,,,,,
189,a nightshirt,4,con,1,ac,-10,,,,,,,,,,,,,,
29,a noble cape,13,str,2,hp,10,ac,-20,,,,,,,,,,,,
918,a one-horned helm,46,ac,-30,str,-1,hp,10,hr,3,dr,3,,,,,,,,
91,a pair of azure arm guards,18,str,2,hp,20,sv sp,-2,ac,-20,,,,,,,,,,
423,a pair of azure earrings,9,hp,10,mn,15,mv,2,ac,-5,,,,,,,,,,
1152,a pair of azure leggings,30,int,1,wis,1,mn,30,dr,2,ac,30,,,,,,,,
456,a pair of bat's eyes,23,dex,-3,wis,3,,,,,,,,,,,,,,
424,a pair of beautiful earrings,9,cha,1,mn,20,,,,,,,,,,,,,,
92,a pair of black Doom insignia armguards,13,dr,1,hr,1,,,,,,,,,,,,,,
1153,a pair of black leather pants,8,dex,2,,,,,,,,,,,,,,,,
93,a pair of black leather sleeves,20,hr,4,,,,,,,,,,,,,,,,
489,a pair of boots made of soft leather,4,dex,1,mv,75,,,,,,,,,,,,,,
96,A pair of carved bronze bracers,14,str,1,hp,5,dr,1,ac,-5,,,,,,,,,,
1158,a pair of cheap plaid pants,15,cha,-4,,,,,,,,,,,,,,,,
490,a pair of clogs made of Black Forest bark,13,dex,2,hp,10,,,,,,,,,,,,,,
491,a pair of comfortable leather boots,24,dex,2,cha,1,hp,10,mn,30,mv,50,,,,,,,,
1159,a pair of crimson leggings,68,hp,25,hr,5,dr,4,,,,,,,,,,,,
1161,a pair of deadly ridged leggings,23,dr,3,ac,20,,,,,,,,,,,,,,
425,a pair of diamond earrings,11,wis,1,dex,1,con,1,,,,,,,,,,,,
824,a pair of dragon skin gloves,25,dex,2,hr,2,dr,1,,,,,,,,,,,,
98,a pair of dragonscale arm-guards,76,hr,3,dr,7,str,1,hp,10,,,,,,,,,,
492,a pair of dragonscale boots,41,mv,25,dr,5,dex,1,,,,,,,,,,,,
1162,a pair of dragonscale greaves,48,str,-1,dex,1,hr,2,dr,4,,,,,,,,,,
493,a pair of evening slippers,5,mn,20,mv,40,,,,,,,,,,,,,,
495,a pair of furry slippers,4,dex,1,mv,50,,,,,,,,,,,,,,
825,a pair of gauntlets,11,str,3,,,,,,,,,,,,,,,,
457,a pair of Goroggles,108,hp,50,mn,50,hr,5,dr,6,ac,-35,,,,,,,,
498,a pair of jester shoes,39,hp,2,mn,15,mv,100,dr,3,cha,3,,,,,,,,
499,a pair of kneehigh buckskin boots,8,dex,1,con,1,mv,100,,,,,,,,,,,,
502,a pair of leather boots (2),15,dex,4,,,,,,,,,,,,,,,,
503,a pair of leather shoes,8,wis,1,mv,-50,ac,-10,int,1,,,,,,,,,,
504,a pair of lion-crested boots,11,dex,3,mv,100,,,,,,,,,,,,,,
828,a pair of long white gloves,13,hp,15,mn,20,,,,,,,,,,,,,,
829,a pair of minotaur combat gloves,8,hp,1,dr,1,,,,,,,,,,,,,,
830,a pair of mithril gauntlets,13,hr,1,dr,1,,,,,,,,,,,,,,
831,a pair of oven mitts,40,str,2,hr,2,dr,3,,,,,,,,,,,,
427,a pair of pearl earrings,15,cha,2,mn,30,,,,,,,,,,,,,,
458,a pair of reading glasses,11,int,2,wis,1,,,,,,,,,,,,,,
101,a pair of red steel vambraces,15,dr,2,,,,,,,,,,,,,,,,
1168,a pair of reddish leggings,56,mn,25,hr,-4,dr,4,ac,-15,,,,,,,,,,
2124,a pair of sai,88,mn,30,hr,7,dr,6,,,,,,,,,,,,
508,a pair of sandals,5,hp,10,mv,50,,,,,,,,,,,,,,
832,a pair of shadow gauntlets,20,str,2,int,2,hp,10,,,,,,,,,,,,
1169,a pair of shadowy metallic leggings,49,dr,3,dex,3,hp,30,,,,,,,,,,,,
1171,a pair of shredded leggings,8,lck,2,ac,-5,,,,,,,,,,,,,,
510,a pair of silvery boots,8,dex,2,,,,,,,,,,,,,,,,
833,a pair of silvery gloves,23,hr,3,dr,1,,,,,,,,,,,,,,
459,a pair of spectacles,8,int,1,wis,1,,,,,,,,,,,,,,
1172,a pair of Sphinx leggings,35,str,2,hr,1,dr,3,,,,,,,,,,,,
834,a pair of spiked gauntlets,34,str,1,dr,4,,,,,,,,,,,,,,
835,a pair of spiked gauntlets ,26,str,1,hp,5,hr,1,dr,2,ac,-5,,,,,,,,
511,a pair of stilts,8,dex,-2,mv,-75,,,,,,,,,,,,,,
512,a pair of supple leather boots,8,dex,2,mv,75,,,,,,,,,,,,,,
513,a pair of supple leather boots,8,dex,2,mv,75,,,,,,,,,,,,,,
460,a pair of wire rimmed spectacles,15,int,4,,,,,,,,,,,,,,,,
1031,a pale blue stone,4,str,1,,,,,,,,,,,,,,,,
920,a panther-crested helmet,4,con,1,,,,,,,,,,,,,,,,
30,a patchwork fur robe,20,hp,10,mn,10,hr,1,dr,1,,,,,,,,,,
2125,a pearl wand,110,dr,8,hp,20,mn,60,hr,5,,,,,,,,,,
1033,a pearly white stone,1,hp,1,,,,,,,,,,,,,,,,
1350,a pewter torque,20,hp,10,mn,20,mv,20,hr,2,,,,,,,,,,
1351,a Pharaoh's Ankh,45,sv sp,-2,sv psn,-2,sv br,4,sv rod,-2,hp,10,mn,30,hr,2,dr,3,,
1352,a Pharoah's Ankh (old),55,hp,30,mn,30,hr,2,dr,3,sv psn,-2,sv br,-2,sv rod,-2,,,,
2126,a piece of barbed-wire,45,str,1,dex,1,dr,5,,,,,,,,,,,,
1036,a pink and green stone,25,hr,-5,,,,,,,,,,,,,,,,
2436,a piranha tooth wristlet,5,hr,1,ac,-5,,,,,,,,,,,,,,
2127,a pitch-black longsword which flames brightly,81,hp,25,mn,25,hr,5,dr,5,,,,,,,,,,
2129,a pitchfork ,11,str,1,dr,1,,,,,,,,,,,,,,
921,a plaid cotton handkercheif,4,cha,1,,,,,,,,,,,,,,,,
191,a plaid smoking jacket,5,hr,1,ac,-4,,,,,,,,,,,,,,
2438,a polished brass bracer,3,hp,6,sv sp,-1,,,,,,,,,,,,,,
922,a polished brass helm,5,hp,10,sv sp,-2,,,,,,,,,,,,,,
1744,a polished brass shield,5,hp,10,ac,-5,,,,,,,,,,,,,,
1917,a polished girth of platinum,11,str,-1,hp,15,sv sp,-5,,,,,,,,,,,,
1918,a polished girth of silver,18,mn,10,hr,1,ac,-3,str,1,con,1,hp,5,,,,,,
923,a polished platinum helmet,35,sv sp,-2,wis,2,hp,5,hr,2,dr,2,,,,,,,,
1745,a polished platinum spiked shield,24,con,1,hp,10,dr,2,ac,-5,,,,,,,,,,
924,a polished silver helm,11,int,1,wis,1,mn,15,ac,-5,,,,,,,,,,
1746,a polished silver shield,1,mn,5,sv sp,-4,ac,-3,,,,,,,,,,,,
2131,a poniard of glory,88,hp,40,hr,6,dr,5,,,,,,,,,,,,
925,a pontiff's headress,11,wis,3,ac,-2,,,,,,,,,,,,,,
926,a powdered wig,8,int,1,dex,1,sv sp,-2,,,,,,,,,,,,
2132,a raccoon claw,8,hp,15,,,,,,,,,,,,,,,,
192,a raggedly dirty dress,8,dex,-1,cha,1,mv,25,,,,,,,,,,,,
1353,a rainbow pendant of Laurieness,79,dex,1,hp,75,mn,50,hr,2,dr,2,ac,10,,,,,,
2133,a ranseur,43,hr,7,dr,-1,ac,-5,,,,,,,,,,,,
32,a rat fur cloak,5,hp,10,ac,-6,,,,,,,,,,,,,,
33,a ratty grey labcoat,8,int,1,dex,1,,,,,,,,,,,,,,
1920,a red belt of Chaos,84,dex,1,hp,40,hr,3,dr,6,sv sp,-2,,,,,,,,
2439,a red bracer,0,mn,1,,,,,,,,,,,,,,,,
927,a red dragonhelm,30,wis,2,dex,1,dr,2,int,1,,,,,,,,,,
2135,a red dragon's claw,39,hp,10,mn,20,hr,2,dr,2,lck,1,,,,,,,,
1921,a red satin sash,11,sv par,-3,str,2,con,1,,,,,,,,,,,,
1354,a red silk scarf,21,int,1,cha,2,mn,40,,,,,,,,,,,,
2136,a reef wraith sting,70,dex,2,hr,5,dr,5,,,,,,,,,,,,
193,a revealing black leather top,184,hp,103,mn,100,hr,8,dr,8,dex,2,,,,,,,,
2138,a riding stick,24,dex,-1,hr,1,dr,2,,,,,,,,,,,,
572,a ring of Camelot,21,str,1,wis,-1,hp,20,mn,15,,,,,,,,,,
573,a ring of light,6,dex,1,hp,5,,,,,,,,,,,,,,
574,a Ring of Magic,51,str,-1,hp,20,mn,60,dr,3,,,,,,,,,,
575,a ring of poison protection,15,hp,20,mn,20,sv psn,-4,,,,,,,,,,,,
576,a ring of shadows,29,str,1,hp,15,hr,2,dr,1,,,,,,,,,,
577,a ring of Solace,14,dex,1,hp,20,ac,-3,,,,,,,,,,,,
578,a ring of sparkling silver,21,hr,2,dr,1,dex,1,,,,,,,,,,,,
579,a ring of the king's navy,40,mn,30,hr,2,dr,3,,,,,,,,,,,,
2139,a rolling pin,14,str,1,hr,2,,,,,,,,,,,,,,
2140,a rose-hilted dagger,58,dex,2,mv,20,hr,4,dr,4,ac,-5,,,,,,,,
1178,a Royal Skirt,18,dex,2,hr,2,ac,-10,,,,,,,,,,,,
2141,a ruby sabre,70,str,2,hr,5,dr,5,,,,,,,,,,,,
2142,a rune axe,119,hp,60,mn,30,hr,5,dr,7,ac,-15,str,1,,,,,,
2143,a rune covered dagger,20,int,1,mn,25,hr,2,,,,,,,,,,,,
2144,a rune dagger,78,mn,10,hr,4,dr,5,ac,-10,dex,2,hp,20,,,,,,
2145,a rune sword,69,str,1,hp,1,mn,20,dr,8,ac,-20,,,,,,,,
2146,a runed chisel,4,dex,1,,,,,,,,,,,,,,,,
580,a runed silver ring,18,dex,1,cha,2,mn,25,,,,,,,,,,,,
2147,a rusted metallic sword,60,dr,4,hr,6,,,,,,,,,,,,,,
428,a sailor's earring,30,hp,20,hr,1,dr,2,,,,,,,,,,,,
581,a sapphire ring,40,wis,2,mn,40,dr,3,,,,,,,,,,,,
1923,a sash of the magi,58,int,1,wis,1,mn,50,hr,3,dr,3,,,,,,,,
34,a satanic robe,58,hr,4,dr,5,ac,-25,,,,,,,,,,,,
2150,a satanic sword,93,int,2,hp,50,mn,50,hr,2,dr,5,,,,,,,,
1043,a scarlet and blue stone,4,int,1,,,,,,,,,,,,,,,,
1924,a scarlet red belt,78,hp,50,hr,3,dr,5,,,,,,,,,,,,
582,a scorched band of glass,50,hp,25,mn,-40,hr,1,dr,3,ac,-5,sv par,-2,,,,,,
197,a scorched ringmail suit,16,dex,1,hp,10,dr,1,ac,-8,,,,,,,,,,
1232,a seaman's lantern,8,dr,1,ac,-3,,,,,,,,,,,,,,
198,a sepia robe,24,int,1,hp,10,dr,2,ac,-8,,,,,,,,,,
2152,a serrated shortsword,10,hr,2,,,,,,,,,,,,,,,,
1044,a set of bagpipes,18,hp,35,sv par,-3,age,10,,,,,,,,,,,,
105,a set of batwings,40,hp,50,mv,100,ac,-10,str,-1,wis,1,dex,2,,,,,,
106,a set of dragon scale sleeves,30,hp,10,hr,2,dr,2,ac,-5,,,,,,,,,,
199,a set of fine robes,4,con,1,,,,,,,,,,,,,,,,
1179,a set of icy leggings,48,lck,1,hp,15,mn,25,dr,4,ac,-20,,,,,,,,
1180,a set of mithril leggings,13,dr,1,hr,1,,,,,,,,,,,,,,
1045,a set of multicolored balls,8,dex,2,,,,,,,,,,,,,,,,
1810,a set of shepherd's pipes,15,wis,1,dex,1,mn,30,sv sp,-5,,,,,,,,,,
200,a sexy lace nightie,29,int,1,cha,4,hp,10,mn,20,,,,,,,,,,
2153,a Shadow Blade,103,mn,40,mv,35,hr,3,dr,7,hp,50,,,,,,,,
2154,a shadow hound's claw,40,hr,2,dr,4,,,,,,,,,,,,,,
583,a Shadowport signet ring,4,str,1,sv psn,-5,,,,,,,,,,,,,,
929,a shadowy dragonscale helmet,45,wis,2,hr,3,dr,3,ac,-20,,,,,,,,,,
201,a shadowy dragonscale shirt,96,con,2,hp,30,hr,5,dr,5,sv br,-3,ac,-50,dex,3,,,,
107,a shadowy pair of dragonscale arm guards,80,ac,-35,str,2,hr,4,dr,7,,,,,,,,,,
429,a shadowy pair of dragonscale earrings,23,wis,2,dr,2,,,,,,,,,,,,,,
837,a shadowy pair of dragonscale gloves,60,hr,6,dr,4,ac,-10,,,,,,,,,,,,
1181,a shadowy pair of dragonscale leggings,36,dex,1,hr,2,dr,3,,,,,,,,,,,,
1925,a shadowy spiked collar,23,dr,3,ac,-20,,,,,,,,,,,,,,
2440,a shadowy coiled cobra,29,dex,2,mn,25,dr,2,,,,,,,,,,,,
430,a shard of crystal,8,int,2,sv sp,5,,,,,,,,,,,,,,
1355,a sharktooth necklace,48,dr,4,mn,50,hr,1,,,,,,,,,,,,
2155,a sharp shard of obsidian,23,dr,3,,,,,,,,,,,,,,,,
1356,a shawl,4,wis,1,ac,-5,,,,,,,,,,,,,,
2156,a shepherd's crook,55,str,2,hr,2,dr,5,,,,,,,,,,,,
1747,a shield of Camelot,10,ac,-20,mv,2,hr,2,,,,,,,,,,,,
1748,a shield of dragonscales,13,hr,1,dr,1,,,,,,,,,,,,,,
1749,a shield of ice,45,hr,3,dr,4,ac,-25,,,,,,,,,,,,
1357,a Shimmergloom pendant,19,hp,25,mn,25,,,,,,,,,,,,,,
584,a shimmering black ring (new),68,hr,2,dr,5,hp,30,mn,20,,,,,,,,,,
585,a shimmering black ring (old),68,hp,30,mn,30,hr,3,dr,4,,,,,,,,,,
35,a shimmering gold robe,25,str,2,int,3,mn,25,,,,,,,,,,,,
2157,a shiv,58,hr,4,dr,5,,,,,,,,,,,,,,
1182,a short black leather skirt,18,dex,-1,cha,2,hp,10,mn,8,mv,-10,,,,,,,,
2160,a short-bladed sword,48,dex,2,hr,5,dr,2,ac,20,,,,,,,,,,
2161,"a shortsword named ""Nightbringer""",61,str,1,hr,4,dr,5,,,,,,,,,,,,
2162,"a shortsword named ""Snakebite""",26,str,-1,dr,3,,,,,,,,,,,,,,
36,A shroud of darkness,180,dr,9,hp,90,mn,90,hr,9,,,,,,,,,,
431,a shrunken skull earring,75,dex,1,cha,1,hp,20,hr,4,dr,5,,,,,,,,
37,a silk bathrobe (area pop),8,wis,1,cha,1,ac,-4,,,,,,,,,,,,
206,a silk-embroidered set of robes,40,dex,2,mv,100,hr,5,dr,-1,,,,,,,,,,
2164,a silver bow,76,dex,3,hr,4,dr,6,ac,-5,,,,,,,,,,
2165,a silver dagger,8,dr,1,,,,,,,,,,,,,,,,
2168,a silver dagger ,46,wis,-2,dex,1,hr,4,dr,2,,,,,,,,,,
2166,a silver dagger ,25,hr,2,dr,2,,,,,,,,,,,,,,
2167,a silver dagger ,13,dr,1,hr,1,,,,,,,,,,,,,,
2169,a silver dragon's claw,33,hp,20,mn,20,hr,2,dr,1,,,,,,,,,,
1358,a silver necklace,34,hp,10,mn,15,hr,2,dr,2,ac,-4,,,,,,,,
2170,a silver sword,173,mn,100,hr,10,dr,8,sv br,-15,ac,-30,hp,75,,,,,,
2171,a Silver Sword ,79,str,1,hr,6,dr,6,,,,,,,,,,,,
1360,a silver torque,34,int,1,hp,15,mn,30,dr,2,sv br,-5,,,,,,,,
207,a silvery breast plate,11,str,3,,,,,,,,,,,,,,,,
2172,a silvery dagger,18,hr,2,dr,1,,,,,,,,,,,,,,
2173,a silvery dagger ,5,hr,1,,,,,,,,,,,,,,,,
930,a silvery helmet,11,wis,3,,,,,,,,,,,,,,,,
2174,a silvery knife,13,hr,1,dr,1,,,,,,,,,,,,,,
2175,a silvery sword,43,dex,2,hr,4,dr,2,,,,,,,,,,,,
432,a skull-shaped earring,65,hp,35,hr,2,dr,5,sv sp,-5,,,,,,,,,,
1361,a slave collar,4,dex,-1,ac,-10,,,,,,,,,,,,,,
2176,a slavemaster's whip,41,dex,1,hr,3,dr,3,ac,10,,,,,,,,,,
1049,a small bouquet of fresh violets,1,mn,5,,,,,,,,,,,,,,,,
1050,a small demon's amulet,8,int,-1,wis,-1,,,,,,,,,,,,,,
586,a small emerald ring,9,cha,1,mn,20,,,,,,,,,,,,,,
1051,a small gem,16,con,1,hp,25,,,,,,,,,,,,,,
2179,a small halberd,18,hp,20,dr,1,,,,,,,,,,,,,,
1235,a small quill,4,int,1,mv,30,,,,,,,,,,,,,,
1750,a small round shield,25,hr,-5,,,,,,,,,,,,,,,,
587,a small ruby ring,13,hp,25,,,,,,,,,,,,,,,,
1363,a small silver locket,49,hr,2,dr,2,ac,-15,cha,3,mn,50,,,,,,,,
2182,a small sword,18,hr,2,dr,1,,,,,,,,,,,,,,
1237,a small bright moon orb,41,wis,3,hp,40,mn,40,,,,,,,,,,,,
2184,a smithy's hammer,68,str,-2,dr,8,,,,,,,,,,,,,,
2185,a smouldering axe,30,dr,2,hr,3,,,,,,,,,,,,,,
931,a soft leather hood,75,dr,4,hp,50,hr,4,,,,,,,,,,,,
2441,a solid bracer of Cold Blue,30,str,2,dr,3,,,,,,,,,,,,,,
2186,a sparking lightning sword,59,str,1,hr,5,dr,4,sv sp,-3,,,,,,,,,,
208,A sparkling rainbow vest of scales,11,cha,1,lck,2,,,,,,,,,,,,,,
2187,a spider shaped dagger,56,str,1,hr,3,dr,5,,,,,,,,,,,,
1751,a spiked buckler,25,hp,20,dr,2,,,,,,,,,,,,,,
1364,a spiked collar,23,dr,3,ac,-2,,,,,,,,,,,,,,
1052,a Spirit Gem,38,int,2,wis,2,con,2,mn,60,,,,,,,,,,
1239,a Spirit Light,4,con,1,,,,,,,,,,,,,,,,
1240,a sprig of mints,13,mn,20,hp,15,,,,,,,,,,,,,,
2188,a staff of chisled obsidian,185,dr,9,sv sp,-5,ac,-20,hp,80,mn,130,hr,9,,,,,,
2189,a staff of ensorcelled ice,85,mn,40,hr,6,dr,6,,,,,,,,,,,,
2190,a staff of striking,109,sv sp,-3,str,1,hp,40,mn,30,hr,5,dr,7,,,,,,
2191,a Staff of the Magi,138,hp,50,mn,100,hr,7,dr,7,ac,-20,,,,,,,,
2442,a steel bracer,31,ac,-10,sv par,-1,hp,5,mn,15,hr,2,dr,2,,,,,,
210,a steel breast plate,20,hp,40,,,,,,,,,,,,,,,,
2192,a steel broad sword,23,hp,5,hr,1,dr,2,,,,,,,,,,,,
2194,a stone club,8,dr,1,,,,,,,,,,,,,,,,
1753,a stone shield,8,str,2,,,,,,,,,,,,,,,,
211,a stone vest,4,con,1,,,,,,,,,,,,,,,,
212,a stoney breastplate,44,con,2,hp,35,dr,2,ac,-12,str,1,,,,,,,,
213,a storm giant beard,11,str,3,sv br,-5,,,,,,,,,,,,,,
2197,a stout wooden bow,28,hr,1,dr,3,,,,,,,,,,,,,,
214,a straitjacket,133,hr,6,dr,6,str,3,dex,-3,hp,70,mv,-200,,,,,,
108,a strand of polished jade,110,dex,-2,hp,50,hr,5,dr,7,,,,,,,,,,
1366,a strange amulet,4,lck,1,sv rod,-5,,,,,,,,,,,,,,
933,a strange white skull,15,dex,-4,,,,,,,,,,,,,,,,
433,a string of severed Human ears,35,hp,20,hr,2,dr,2,age,10,,,,,,,,,,
1926,a strong leather belt,8,str,2,,,,,,,,,,,,,,,,
2199,a studded mace,20,hr,1,dr,2,,,,,,,,,,,,,,
589,a studded ring,23,dr,3,,,,,,,,,,,,,,,,
216,a suit for diving,34,wis,2,cha,2,lck,2,hp,2,mn,2,hr,2,,,,,,
218,a suit of black minotaur chainmail,66,con,2,hp,50,dr,4,str,1,,,,,,,,,,
221,a suit of granite platemail,11,dex,-1,con,2,,,,,,,,,,,,,,
224,a suit of obsidian plate armor,116,hp,75,hr,6,dr,6,sv psn,-3,sv rod,-3,ac,-75,sv par,-3,str,1,,
225,a suit of red plate armor,5,hp,10,mv,10,,,,,,,,,,,,,,
226,a suit of ringmail,5,mn,-20,,,,,,,,,,,,,,,,
228,a suit of spiked armour,115,str,2,dex,-2,hp,50,hr,6,dr,6,ac,-75,,,,,,
229,a suit of spiked garde armor,15,dr,2,,,,,,,,,,,,,,,,
230,a suit of splintmail,3,mn,-10,,,,,,,,,,,,,,,,
231,a suit of steel plate armor,138,mv,50,hr,6,dr,6,ac,-25,hp,100,mn,50,,,,,,
1368,a swirled collar,19,dr,1,dex,1,hp,15,,,,,,,,,,,,
2201,a sword of Camelot,43,dr,3,mn,20,hr,3,,,,,,,,,,,,
2202,a sword of diamonds,11,wis,1,dr,1,ac,-20,,,,,,,,,,,,
2203,a sword of golden coral,59,int,2,wis,-1,hp,15,mn,30,hr,2,dr,3,sv par,-3,,,,
2204,a sword with the king's crest,133,str,2,hp,75,hr,7,dr,7,,,,,,,,,,
2205,a swordbreaker,13,hr,1,dr,1,,,,,,,,,,,,,,
1053,a symbol of faith,8,wis,2,,,,,,,,,,,,,,,,
40,a tattered cape,8,con,2,ac,5,,,,,,,,,,,,,,
41,a tattered set of robes,11,cha,-1,ac,-5,int,1,wis,1,,,,,,,,,,
1755,a tearshaped azure shield,46,str,-1,cha,2,hp,20,hr,2,dr,2,,,,,,,,
2206,a templar's sword,23,hr,3,dr,1,,,,,,,,,,,,,,
233,a thick leather jerkin,11,str,1,dex,1,con,1,,,,,,,,,,,,
2443,a thick marble bracelet,4,con,1,,,,,,,,,,,,,,,,
590,a thick marble ring,4,mn,15,,,,,,,,,,,,,,,,
1927,a thick metal chain,16,str,1,hp,10,dr,1,,,,,,,,,,,,
591,a thief's ring,8,lck,2,,,,,,,,,,,,,,,,
2207,a thieves dirk,19,ac,-5,dex,1,dr,2,,,,,,,,,,,,
462,a thin black veil,4,wis,1,ac,-5,,,,,,,,,,,,,,
2208,a thin two-handed sword,40,hr,2,dr,4,,,,,,,,,,,,,,
2209,a throwing dagger,14,dex,1,hr,2,,,,,,,,,,,,,,
235,a tight fitting green dragon scale shirt,36,sv psn,-4,ac,-35,dex,3,hr,5,,,,,,,,,,
236,a tight vest,10,hr,2,,,,,,,,,,,,,,,,
2211,a tiny dagger ,10,hr,2,,,,,,,,,,,,,,,,
934,a tiny forest green cap,8,lck,2,,,,,,,,,,,,,,,,
1370,a topaz collar,44,dex,1,hp,30,hr,2,dr,2,ac,10,,,,,,,,
2212,a topaz dragon's claw,41,dr,2,int,1,hp,20,mn,10,hr,2,,,,,,,,
1244,a torch of evil,26,int,1,wis,-1,con,1,dr,2,sv rod,-2,,,,,,,,
935,a Torlynn helmet,65,wis,3,dex,1,hr,4,dr,4,,,,,,,,,,
2213,a Torlynn long sword,65,str,2,hr,4,dr,5,,,,,,,,,,,,
592,a Torlynn ring,45,hp,30,hr,3,dr,2,,,,,,,,,,,,
1757,a tortoise-shell shield,13,hp,10,con,2,,,,,,,,,,,,,,
1056,a toy marionette,19,con,1,str,-2,dex,2,,,,,,,,,,,,
237,a Transylvanian Military Jacket,38,wis,2,dr,4,ac,5,,,,,,,,,,,,
1372,a travelling cloak,16,con,1,hp,25,,,,,,,,,,,,,,
2217,a two-handed broadsword,95,hp,35,hr,5,dr,7,,,,,,,,,,,,
2218,a two-handed dwarven axe,18,str,2,hr,2,,,,,,,,,,,,,,
2219,a two-handed sword,78,hp,20,hr,6,dr,5,,,,,,,,,,,,
2220,a two-handed sword ,33,hr,2,dr,3,,,,,,,,,,,,,,
1373,a unicorn horn medallion,11,wis,2,mn,15,,,,,,,,,,,,,,
1374,a unicorn pendant,34,mn,35,hr,2,dr,2,,,,,,,,,,,,
2444,a vambrace of blue dragonhide,49,str,-1,hp,20,mn,20,mv,-20,hr,3,dr,2,ac,15,,,,
2221,a very thin dagger,95,dex,4,hr,4,dr,8,ac,-10,,,,,,,,,,
463,a visor of completion,8,int,1,wis,1,,,,,,,,,,,,,,
2222,a war hammer of Camelot,23,hp,20,hr,1,dr,1,,,,,,,,,,,,
42,a warm bearskin cloak,4,dex,-1,,,,,,,,,,,,,,,,
1375,a warm woolen cape,5,hp,5,mn,10,mv,-20,sv sp,-3,,,,,,,,,,
43,a waterfall cloak,25,int,2,mn,30,hr,2,,,,,,,,,,,,
2223,a whisper thin rapier,13,dex,2,hr,1,,,,,,,,,,,,,,
435,a white deerbone crescent,4,dex,1,,,,,,,,,,,,,,,,
2224,a white dragon's claw,31,con,1,hp,20,mn,20,hr,1,dr,1,,,,,,,,
2445,a white gold bracelet,10,hr,2,,,,,,,,,,,,,,,,
1928,a white silk belt,10,str,2,mn,10,,,,,,,,,,,,,,
241,a white silk camisole,15,hp,12,mn,20,ac,-5,cha,1,,,,,,,,,,
2225,a wicked iron mace,33,dr,3,hr,2,,,,,,,,,,,,,,
2226,a wicked iron mace,33,hr,2,dr,3,,,,,,,,,,,,,,
2227,a wicked shortsword,75,hr,6,dr,6,,,,,,,,,,,,,,
2228,a widow's cane,20,mv,40,hr,4,,,,,,,,,,,,,,
937,a Winged Helmet,8,dex,2,,,,,,,,,,,,,,,,
242,a woodcarver's apron,60,hp,50,mn,50,dr,3,,,,,,,,,,,,
2229,a wooden club,5,hr,1,,,,,,,,,,,,,,,,
2231,a wooden spoon,13,dr,1,hr,1,,,,,,,,,,,,,,
593,a wooden thimble,30,str,2,hp,30,dr,-1,,,,,,,,,,,,
939,a woolen cap,10,hp,20,sv br,-2,,,,,,,,,,,,,,
47,a woolen shawl,9,hp,5,mn,12,wis,1,,,,,,,,,,,,
48,a worsted woolen cloak,8,dex,-2,mv,-20,sv sp,-3,sv br,-3,,,,,,,,,,
2234,a Wraith Scimitar,53,mv,50,hr,3,dr,5,sv rod,-3,,,,,,,,,,
49,a writhing mass of maggots,96,dr,5,con,-1,cha,-2,hp,-20,mn,50,hr,5,,,,,,
941,a wrought iron helmet,4,int,1,,,,,,,,,,,,,,,,
2235,a zinnor fork,28,hr,1,dr,3,,,,,,,,,,,,,,
244,adamantium plate armor,95,hp,120,hr,7,ac,-60,,,,,,,,,,,,
2236,aegis-fang,143,dr,9,ac,-20,hp,80,hr,7,,,,,,,,,,
2237,amethyst gauche,60,hr,6,dr,4,,,,,,,,,,,,,,
2238,an adamantite broadsword,45,dex,2,dr,5,,,,,,,,,,,,,,
2239,an amazon spear,40,hp,5,dr,5,,,,,,,,,,,,,,
1248,an amber stone,16,str,1,wis,1,con,-1,hp,10,,,,,,,,,,
1377,an Amulet of Dragonslayers,35,hp,2,mn,15,dr,4,sv br,-10,,,,,,,,,,
1378,an amulet of faith,14,int,1,wis,1,mn,25,,,,,,,,,,,,
1379,an Amulet of Shadowport,9,wis,1,mn,20,sv sp,-3,ac,-20,,,,,,,,,,
1380,an Amulet of the Inconnu,63,dex,2,hp,20,hr,3,dr,4,,,,,,,,,,
1381,an ancient diamond brooch,20,int,1,mn,25,hr,2,sv sp,-3,ac,-5,,,,,,,,
2240,an ancient staff of blue stone,49,str,2,mn,45,hr,6,,,,,,,,,,,,
2241,an ancient heavy-bladed claymore,143,hp,60,hr,9,dr,9,sv sp,-5,sv br,-4,,,,,,,,
1382,an aquamarine locket,23,mn,60,sv sp,-5,wis,2,,,,,,,,,,,,
2446,an arcane bracer of Doom,64,str,1,hp,20,hr,4,dr,4,,,,,,,,,,
2447,an archaic bracer,29,str,-1,hp,10,mn,20,dr,2,ac,-5,,,,,,,,
2448,an azure bracelet,28,dr,2,sv sp,-2,hp,15,hr,1,,,,,,,,,,
2449,an azure bracer,34,str,1,hr,3,dr,2,,,,,,,,,,,,
246,an azure breastplate,83,str,-2,dex,2,mn,50,hr,5,dr,4,ac,-20,,,,,,
50,an azure dress,10,hp,15,mn,10,sv sp,2,,,,,,,,,,,,
51,an azure robe,58,cha,2,hp,100,,,,,,,,,,,,,,
464,an azure visor,33,str,1,int,1,hr,2,dr,2,,,,,,,,,,
436,an earring of GlassWalker bone,71,dr,3,lck,-3,hp,30,mn,30,hr,3,,,,,,,,
942,an ebony and ivory hair piece,15,int,1,wis,1,cha,1,mn,15,,,,,,,,,,
1760,an electric shield,28,con,2,mn,20,dr,2,,,,,,,,,,,,
2243,an electrum sword,29,hp,15,mn,25,hr,3,,,,,,,,,,,,
2450,an elemental bracelet,13,hp,25,,,,,,,,,,,,,,,,
52,an elfskin cape,50,str,-2,hp,45,hr,1,dr,2,,,,,,,,,,
2244,an elven longsword,20,dr,2,hr,1,,,,,,,,,,,,,,
2245,an elven quarterstaff,59,mn,15,hr,5,dr,4,,,,,,,,,,,,
53,an Elvish Cloak,49,str,1,dex,2,hp,25,hr,5,,,,,,,,,,
2451,an emerald bracelet,11,int,1,lck,2,ac,-15,,,,,,,,,,,,
1384,an emerald charm,15,hp,20,mn,20,sv sp,-5,sv br,5,age,-10,,,,,,,,
594,an emerald ring,3,mn,10,,,,,,,,,,,,,,,,
2246,an emerald sword,41,cha,1,hp,10,hr,2,dr,3,,,,,,,,,,
2247,an enchanted drow longsword,74,dex,1,hr,5,dr,6,,,,,,,,,,,,
2248,an enchanted drow mace,81,str,1,mn,40,hr,6,dr,5,,,,,,,,,,
943,an esoteric cowl,12,mn,15,ac,-10,str,1,hp,8,,,,,,,,,,
2249,an evil looking black dagger,33,hr,2,dr,3,,,,,,,,,,,,,,
2250,an executioner's axe,58,str,2,hr,4,dr,4,ac,-20,,,,,,,,,,
1761,an expensive-looking pocket watch,4,dex,1,age,-14,,,,,,,,,,,,,,
944,an extravagantly jeweled crown,41,con,3,dr,4,age,-100,,,,,,,,,,,,
2251,an extremely sharp and thin sword,31,hr,1,dr,3,dex,1,,,,,,,,,,,,
2252,an icicle,30,mn,20,hr,5,sv sp,-2,,,,,,,,,,,,
1929,an icy girth,13,wis,1,con,1,mn,20,,,,,,,,,,,,
247,an icy plate,166,ac,-55,dex,1,hp,100,mn,100,hr,7,dr,7,,,,,,
2253,an icy scimitar,100,hp,25,hr,7,dr,7,ac,-8,,,,,,,,,,
56,an icy white cloak,5,mn,20,,,,,,,,,,,,,,,,
2254,an imperial mace,25,dr,2,hr,2,,,,,,,,,,,,,,
2255,an imperial sword,25,hr,2,dr,2,,,,,,,,,,,,,,
57,an intricate purple robe,18,dex,-1,mn,55,sv sp,-5,ac,-20,,,,,,,,,,
58,an iridescent silk tunic,19,mn,75,,,,,,,,,,,,,,,,
945,an iron crown,3,mn,10,sv br,-2,ac,-2,,,,,,,,,,,,
2256,an iron dirk,20,hr,1,dr,2,,,,,,,,,,,,,,
2257,an iron longsword,15,dr,2,,,,,,,,,,,,,,,,
946,an iron nasal helm,36,wis,1,hr,2,dr,3,,,,,,,,,,,,
2259,an iron shod staff,75,str,2,mn,30,hr,3,dr,6,,,,,,,,,,
2260,an iron shortsword,18,hr,2,dr,1,,,,,,,,,,,,,,
2261,an iron sickle,130,hp,35,mn,50,hr,8,dr,8,,,,,,,,,,
2262,an iron-tipped boar spear,45,hr,-3,dr,4,,,,,,,,,,,,,,
2263,an iron-tipped javelin,40,hr,2,dr,4,,,,,,,,,,,,,,
2264,an ivory hilted dagger,20,dr,2,hr,1,,,,,,,,,,,,,,
2265,an ivory rapier,88,mn,50,hr,12,dr,-2,,,,,,,,,,,,
947,an ivy wreath,28,hp,15,mn,50,dr,1,,,,,,,,,,,,
2453,an obsidian bracer,10,hr,2,,,,,,,,,,,,,,,,
2454,an obsidian bracer ,36,str,1,hp,15,hr,2,dr,2,ac,-5,,,,,,,,
1387,an obsidian cloak,38,dr,3,sv par,-2,hp,30,,,,,,,,,,,,
596,an obsidian ring,11,str,2,int,-1,ac,-1,,,,,,,,,,,,
2266,an obsidian sword,63,hr,5,dr,5,ac,3,,,,,,,,,,,,
948,an obsidian tiara,45,int,2,lck,2,hp,30,hr,3,,,,,,,,,,
597,an Ofcol Signet ring,5,hp,10,sv sp,-4,ac,-5,,,,,,,,,,,,
1388,an old worn bhana,49,wis,1,cha,-2,hp,20,hr,1,dr,3,,,,,,,,
1389,an old worn bhana,49,dr,3,wis,1,cha,-2,hp,20,hr,1,,,,,,,,
2455,an onyx bracelet,15,dr,2,,,,,,,,,,,,,,,,
598,an onyx ring,8,int,1,wis,1,,,,,,,,,,,,,,
465,an oracle of prescience,11,dex,-3,,,,,,,,,,,,,,,,
949,an ornate brooch,15,int,2,wis,-1,mn,15,,,,,,,,,,,,
2270,an unholy staff of Shimmergloom,13,mn,50,,,,,,,,,,,,,,,,
950,an Xvart ceremonial mask,29,int,-1,wis,-1,cha,-3,hr,-2,,,,,,,,,,
109,Ancient brass arm guards,30,hp,10,hr,2,dr,2,sv sp,-1,ac,-3,,,,,,,,
599,aquamarine ring,24,int,3,mn,50,,,,,,,,,,,,,,
2456,Arabella's golden bracelet,6,str,1,hp,5,ac,-5,,,,,,,,,,,,
110,armguards of red dragonscale,24,hr,1,dr,2,dex,-1,,,,,,,,,,,,
59,aura of Eternal Grandeur,118,wis,4,hp,106,mn,50,dr,5,,,,,,,,,,
60,aura of Eternal Grandeur (old),73,lck,1,hp,50,mn,85,dr,3,sv sp,-8,sv br,-3,,,,,,
61,Aura of the Shadow,136,lck,1,hp,75,mn,100,hr,5,dr,6,,,,,,,,
951,azure metal helmet,33,int,1,wis,1,hr,2,dr,2,ac,-15,,,,,,,,
62,Balrog's Cape,146,str,2,dex,-3,hp,100,hr,5,dr,7,,,,,,,,
600,band of black opal,15,dr,2,ac,-3,,,,,,,,,,,,,,
2271,Bastard sword,70,str,1,dex,-1,hr,5,dr,5,ac,13,,,,,,,,
2272,Black Dragonskull Ax,190,hp,130,hr,10,dr,10,sv br,-8,,,,,,,,,,
250,black leather armor,13,hp,5,hr,2,ac,-10,sv par,-1,,,,,,,,,,
838,black leather gloves,40,str,2,hr,2,dr,3,ac,-3,,,,,,,,,,
2273,black longsword,30,dr,4,,,,,,,,,,,,,,,,
517,black pair of slippers caked with mud,6,mn,5,hr,1,,,,,,,,,,,,,,
251,black platemail,4,hp,8,sv sp,-1,,,,,,,,,,,,,,
63,black silk robe,3,mn,10,,,,,,,,,,,,,,,,
252,black steel plate,108,hr,6,dr,6,sv sp,-6,sv br,-6,ac,-60,hp,65,,,,,,
519,black strapped boots,54,dex,1,hp,20,hr,2,dr,4,ac,-10,,,,,,,,
952,black torturer's mask,9,int,1,hr,1,,,,,,,,,,,,,,
466,black visor of demonic shadow,18,wis,1,con,-1,hr,2,sv sp,-2,,,,,,,,,,
520,black razor-toed boots,30,dex,2,dr,3,,,,,,,,,,,,,,
601,black skull-engraved ring,45,hp,30,mn,30,dr,3,,,,,,,,,,,,
2274,blade of the Abattoir,100,hp,50,hr,6,dr,6,,,,,,,,,,,,
839,Blessed gauntlets of the Templar,53,str,1,dex,-1,dr,6,,,,,,,,,,,,
467,blood hunger,39,int,-1,hp,25,dr,3,,,,,,,,,,,,
2275,blue topaz glove,100,wis,2,hr,8,dr,7,,,,,,,,,,,,
1391,boa cape,8,str,2,sv psn,-3,,,,,,,,,,,,,,
2276,bone sword,31,str,2,int,-1,dex,2,hr,1,dr,1,,,,,,,,
521,boots of ancient spider venom,65,hp,25,mn,60,dr,5,,,,,,,,,,,,
522,boots of striding,8,dex,2,mv,100,,,,,,,,,,,,,,
523,boots of taut hide,4,dex,1,mv,150,,,,,,,,,,,,,,
524,boots of tracking,11,mv,100,str,2,mn,15,,,,,,,,,,,,
1764,bouclier blanche de la pierre,40,wis,2,hp,20,mn,75,int,1,,,,,,,,,,
1310,Bow of the Dragons,93,ac,-5,dex,2,hp,45,hr,5,dr,5,,,,,,,,
1311,bow of the forest,120,dex,2,hp,40,hr,8,dr,7,,,,,,,,,,
2457,bracer of charisma,11,cha,3,,,,,,,,,,,,,,,,
2458,bracers of Dragon Strength,50,str,4,hp,10,dr,4,sv br,-8,,,,,,,,,,
2459,bracers of the ,35,hp,20,mn,20,hr,1,dr,2,,,,,,,,,,
1061,Brajtkomu's sceptre of Doom,28,hp,10,mn,30,dr,2,,,,,,,,,,,,
1828,branch of the Clan Tree,45,hp,60,mn,60,,,,,,,,,,,,,,
2460,brand of the Black Dragon,49,dr,3,sv psn,-3,ac,-8,cha,-2,hp,25,mn,25,,,,,,
437,Brimstone pentagram,63,hp,35,dr,6,,,,,,,,,,,,,,
2277,brunhilde's spear,73,hr,4,dr,7,,,,,,,,,,,,,,
2278,Camelot's Sword of Honour,51,hp,5,mn,45,dr,5,ac,-20,,,,,,,,,,
2279,chains of binding,186,dr,10,str,3,hp,100,mv,-400,hr,10,,,,,,,,
525,chains of imprisonment,81,str,1,dex,-2,mv,-400,hr,-5,dr,6,,,,,,,,
253,chamorro ringmail,4,mn,15,,,,,,,,,,,,,,,,
254,chamorro ringmail,4,mn,15,,,,,,,,,,,,,,,,
468,Chaotic Dreamscapes,65,hp,40,hr,3,dr,4,,,,,,,,,,,,
1931,circle of mists,83,int,-3,wis,-3,dex,2,hp,35,hr,1,dr,4,sv psn,-4,,,,
840,Claws of the Wyrm,69,sv br,-15,str,2,lck,1,hp,10,dr,7,,,,,,,,
953,clear visor,8,wis,2,,,,,,,,,,,,,,,,
64,cloak of elvenkind,33,dex,2,hr,2,dr,2,,,,,,,,,,,,
65,Cloak of Light (old),116,str,3,hp,50,mn,50,hr,3,dr,7,,,,,,,,
67,Cloak of Royalty,131,str,1,cha,2,hp,50,mn,50,hr,6,dr,7,,,,,,
1392,cloak of solitude,25,hp,50,mv,100,age,50,,,,,,,,,,,,
255,cockroach's exoskeleton,4,con,1,ac,-7,,,,,,,,,,,,,,
1394,Collar of Abyssal Servitude,73,hr,4,dr,4,lck,2,hp,30,,,,,,,,,,
526,comfortable leather boots (old),24,mv,50,dex,2,cha,1,hp,10,mn,30,,,,,,,,
954,commander's helm,14,wis,1,hp,5,dr,1,,,,,,,,,,,,
2280,commoner's longsword,13,hr,1,dr,1,,,,,,,,,,,,,,
2282,crayfish trident,38,hr,3,dr,3,,,,,,,,,,,,,,
955,Crown of Enlightenment,36,int,3,mn,100,,,,,,,,,,,,,,
956,crown of mars,11,dex,1,con,2,,,,,,,,,,,,,,
957,Crown of the Ages,99,hr,1,dr,5,wis,3,hp,60,mn,60,,,,,,,,
1253,Crusade,44,wis,1,hp,20,hr,3,dr,2,sv sp,-3,,,,,,,,
2283,crystal longsword,20,hp,10,hr,3,,,,,,,,,,,,,,
256,crystal plate armor,36,hp,40,mn,20,str,1,con,2,,,,,,,,,,
1765,crystal shield,5,hp,10,,,,,,,,,,,,,,,,
2284,dark crystal mace,20,wis,2,mn,50,sv sp,-15,,,,,,,,,,,,
68,dark green robes,4,mv,50,str,1,,,,,,,,,,,,,,
257,dark robes of the crow spirit,73,hp,50,mn,30,hr,2,dr,4,sv sp,-2,,,,,,,,
527,Dark cloven hooves,63,dex,-2,hp,35,dr,5,sv br,-8,ac,-39,,,,,,,,
1766,Dark fated mists,73,hp,30,mn,80,dr,5,,,,,,,,,,,,
528,darkened boots of the Elder,66,dex,1,hp,30,hr,2,dr,5,,,,,,,,,,
841,Darkened Gauntlets,56,str,-1,int,-1,dex,-1,dr,6,,,,,,,,,,
2285,Darkfire blaster,245,hp,130,mn,130,hr,10,dr,13,sv br,-8,,,,,,,,
2286,darkness,191,ac,-30,dex,1,hp,85,mn,70,hr,9,dr,11,sv sp,-8,,,,
2287,darkness,150,hp,50,mn,50,hr,9,dr,9,,,,,,,,,,
2288,death blade with Rage's mark,73,str,2,hp,40,dr,6,ac,-15,,,,,,,,,,
2462,delicate silver bracelet,25,hp,15,hr,2,dr,1,,,,,,,,,,,,
1395,demon-faced talisman,68,str,-10,dex,-8,,,,,,,,,,,,,,
111,Demonhide Arm Guards,79,str,-1,hp,25,hr,5,dr,5,,,,,,,,,,
1185,Demonhide Leggings,54,str,-1,hr,7,dr,2,ac,-20,,,,,,,,,,
469,demonic eyes,30,hr,2,dr,2,hp,10,,,,,,,,,,,,
958,Demonic Influence,188,hp,100,mn,50,hr,10,dr,10,sv sp,-10,ac,-25,,,,,,
438,Demonic Whispers,113,hp,50,mn,50,hr,6,dr,6,,,,,,,,,,
2289,demonsblade,124,dex,-1,hp,70,mv,-200,hr,5,dr,7,str,2,,,,,,
529,demonscale Boots,45,dr,5,str,2,,,,,,,,,,,,,,
258,Demonscale Plate,83,hp,60,dr,7,,,,,,,,,,,,,,
259,Demonspawn Stormcloud,114,dr,8,lck,1,hp,100,,,,,,,,,,,,
2290,Destiny,193,hp,106,hr,10,dr,12,sv br,-8,ac,-10,sv par,-3,,,,,,
439,diamond earrings,11,wis,1,dex,1,con,1,,,,,,,,,,,,
260,diamond plate armor,20,dex,-2,mn,50,mv,-20,ac,-50,,,,,,,,,,
261,diaphanous cloak,63,int,3,wis,2,hp,50,mn,75,,,,,,,,,,
2291,dragon's axe,26,wis,1,dex,1,con,1,dr,2,,,,,,,,,,
842,dragon's gloves,35,str,2,wis,1,con,1,hr,1,dr,2,,,,,,,,
959,dragon's helm,15,wis,2,hp,15,,,,,,,,,,,,,,
1063,dragon's rod,11,con,1,hp,10,mn,10,,,,,,,,,,,,
2292,dragonsbane,94,str,1,dex,1,cha,3,hr,6,dr,6,,,,,,,,
263,dragonscale robes,33,wis,2,hp,25,mn,50,,,,,,,,,,,,
602,Draupnir,38,hr,3,dr,3,sv sp,-2,sv psn,-2,sv br,-2,ac,-10,,,,,,
264,dress of black silk,31,lck,3,hp,40,sv sp,-2,ac,-6,,,,,,,,,,
843,dwarven gloves,21,str,2,dex,1,hr,2,,,,,,,,,,,,
2293,dwarven hammer,10,hr,2,,,,,,,,,,,,,,,,
1767,eagle shield,19,str,1,int,2,wis,2,,,,,,,,,,,,
2294,Elf-bane,120,hr,5,dr,6,ac,-60,hp,100,,,,,,,,,,
267,elven chainmail,8,dr,1,ac,-5,,,,,,,,,,,,,,
2295,emerald morningstar,75,con,2,hr,3,dr,7,,,,,,,,,,,,
2296,enchanted bow,10,hr,2,,,,,,,,,,,,,,,,
2297,enchanted hammer,10,hr,2,,,,,,,,,,,,,,,,
2298,enchanted longsword,10,hr,2,,,,,,,,,,,,,,,,
2299,enchanted pike,10,hr,2,,,,,,,,,,,,,,,,
2300,enormous claw of a red dragon,38,dr,5,ac,5,,,,,,,,,,,,,,
69,entreri's bat cloak,76,str,-2,dex,1,hp,35,hr,5,dr,3,,,,,,,,
1396,eternal Binding,1350,dr,-60,str,-20,dex,-20,con,-20,hp,-500,mn,-500,mv,-500,hr,-60,,
2301,ethereal blade,60,hp,20,hr,4,dr,4,,,,,,,,,,,,
960,ethereal helm,5,hp,10,,,,,,,,,,,,,,,,
268,ethereal plate,20,dex,2,hp,25,sv sp,-3,,,,,,,,,,,,
2302,Excalibur,238,hp,100,mn,100,hr,13,dr,13,sv br,-10,ac,-30,,,,,,
470,Eye of the Raven,33,hp,20,dr,3,,,,,,,,,,,,,,
2303,farming scythe,14,str,1,hr,2,,,,,,,,,,,,,,
844,Fate's merciless grasp,83,str,1,lck,-1,mn,30,hr,3,dr,7,ac,-15,,,,,,
269,fine meshed chainmail shirt,49,int,3,dex,2,dr,4,ac,-3,,,,,,,,,,
440,fire crystal,60,hp,20,mn,20,hr,3,dr,3,str,-2,,,,,,,,
2304,flame tongue longsword,160,str,2,hp,75,hr,8,dr,10,sv sp,-5,,,,,,,,
845,flaming gauntlets,13,hp,25,,,,,,,,,,,,,,,,
846,fore claws of a red dragon,25,dr,2,hr,2,,,,,,,,,,,,,,
2305,forged iron broadsword,18,hr,2,dr,1,,,,,,,,,,,,,,
2463,french lace Cuffs,75,hp,50,hr,4,dr,4,,,,,,,,,,,,
2306,Fury's claw,79,dr,6,ac,-20,str,-1,hp,60,,,,,,,,,,
847,gantelets magique de puissance,85,wis,2,hp,20,mn,40,hr,4,dr,5,,,,,,,,
112,garde de magie blanche,58,ac,-15,hp,15,mv,40,hr,4,dr,4,sv br,-5,,,,,,
1397,Garland of Skulls,79,str,-1,wis,1,dex,1,hp,50,mn,50,dr,4,,,,,,
848,gauntlets of Dragon Strength,50,str,4,hp,10,dr,4,sv br,-10,,,,,,,,,,
849,gauntlets of ogre power,38,dr,3,ac,20,str,4,,,,,,,,,,,,
850,gauntlets of red dragonhide,63,dex,1,con,1,hp,30,mn,30,hr,2,dr,3,ac,-15,,,,
851,gauntlets of warrior iron,13,con,1,hp,10,str,1,,,,,,,,,,,,
2307,Genesis,256,hp,100,mn,125,hr,14,dr,14,sv sp,-7,ac,-20,,,,,,
852,Gloom's beckonings,79,cha,-3,lck,1,hp,10,mn,85,hr,3,dr,3,sv br,-8,,,,
853,gloves of the Wind,34,dr,2,str,3,dex,2,,,,,,,,,,,,
1187,godskull shinguards,35,hp,25,dr,3,sv br,-3,ac,-8,,,,,,,,,,
270,gold coin blouse,8,int,1,wis,1,,,,,,,,,,,,,,
1188,gold dragonhide greaves,45,hp,10,mn,15,hr,2,dr,3,cha,1,,,,,,,,
471,gold spectacles,4,int,1,,,,,,,,,,,,,,,,
533,golden dragonscale boots,4,dex,1,mv,50,ac,-4,,,,,,,,,,,,
854,golden dragonscale gauntlets,15,dr,2,ac,-3,,,,,,,,,,,,,,
1933,golden dragonscale girth,5,hr,1,ac,-3,,,,,,,,,,,,,,
1189,golden dragonscale leggings,15,dr,2,sv psn,-4,ac,-3,,,,,,,,,,,,
113,golden dragonscale sleeves,13,hp,10,dr,1,ac,-3,,,,,,,,,,,,
70,golden hued flowing mage robes,11,str,1,dr,1,,,,,,,,,,,,,,
271,Golden Plate,183,mn,100,hr,8,dr,8,dex,2,hp,100,,,,,,,,
1768,Golden Shield,81,hp,75,mn,55,hr,6,ac,-15,,,,,,,,,,
71,gray robes of the monk,23,dr,2,ac,-20,wis,1,con,1,,,,,,,,,,
272,green crocodile plate mail,4,dex,1,age,-50,sex,-1,,,,,,,,,,,,
273,green robe,40,wis,2,dex,2,mn,100,,,,,,,,,,,,
2464,Guard of the Raven Black,54,dex,1,hp,25,hr,3,dr,3,,,,,,,,,,
2309,Gungnir,134,wis,1,con,1,hp,60,hr,5,dr,9,ac,-40,str,1,,,,
2310,hammer of Curdardh,186,sv psn,-3,ac,-40,str,2,dex,1,hp,150,hr,8,dr,8,,,,
961,Heaume of the Venerable,96,str,1,hp,50,mn,50,hr,5,dr,4,sv br,-5,,,,,,
1190,heavy buckskin chansses,25,mv,50,hr,2,dr,2,,,,,,,,,,,,
603,heavy ring of iron,4,con,1,ac,-5,,,,,,,,,,,,,,
2311,heavy iron-forged broadsword,18,hr,2,dr,1,,,,,,,,,,,,,,
1192,hellfire leggings,54,dex,1,hp,25,dr,5,ac,-13,,,,,,,,,,
962,helm of white dragonhide,68,hr,2,dr,3,ac,-20,con,1,cha,1,hp,30,mn,50,,,,
963,helm of wisdom,65,wis,3,dex,1,hr,4,dr,4,,,,,,,,,,
2312,Heroes Sword,28,con,2,hp,40,,,,,,,,,,,,,,
1255,holy light,15,con,2,dr,1,,,,,,,,,,,,,,
2313,holy sword of the githyanki,93,str,2,hr,11,dr,4,,,,,,,,,,,,
964,hood,38,dex,1,mn,35,hr,5,sv br,2,,,,,,,,,,
604,hoop of flowing water,3,mn,12,,,,,,,,,,,,,,,,
1256,Hope,8,hp,1,dr,1,,,,,,,,,,,,,,
965,horned helmet,8,dex,1,con,1,sex,1,,,,,,,,,,,,
2314,"huge mace named ""Dawnbringer""",68,dr,6,hp,15,hr,3,,,,,,,,,,,,
274,Ice Breastplate,4,sv br,-10,ac,-30,con,1,,,,,,,,,,,,
855,Ice Gauntlets,34,dex,1,hr,6,ac,-10,,,,,,,,,,,,
966,Ice Helm,4,int,1,sv sp,-5,ac,-15,,,,,,,,,,,,
1194,Ice Leggings,4,wis,1,mv,100,ac,-20,,,,,,,,,,,,
2315,Ice Tooth,55,hr,2,dr,6,,,,,,,,,,,,,,
856,Inescapable Grasp of Doom,89,lck,-1,hp,25,hr,4,dr,7,ac,-10,,,,,,,,
967,Innanna's headdress,33,int,2,cha,4,hr,2,,,,,,,,,,,,
2316,iron barbed flail,68,hr,3,dr,7,,,,,,,,,,,,,,
114,iron bracers,8,str,2,ac,-5,,,,,,,,,,,,,,
1066,ivory dice,4,lck,1,sv sp,-1,,,,,,,,,,,,,,
72,Johral's wrinkled cloak,13,con,2,hr,1,,,,,,,,,,,,,,
2317,Justice,210,sv psn,-5,sv br,-5,ac,-40,hp,100,mn,100,hr,12,dr,10,sv sp,-5,,
968,kabuto,40,hr,2,dr,3,sv br,3,ac,8,mn,30,,,,,,,,
605,Kahl's ring of Vengeance,64,str,-1,dex,1,hp,35,mn,35,dr,4,,,,,,,,
2318,Kargoth's Blade,64,hp,8,dr,8,ac,-40,,,,,,,,,,,,
2319,katana,146,dr,10,ac,8,str,1,dex,2,hp,-30,mn,20,hr,8,,,,
2320,katana ,26,str,3,hr,3,,,,,,,,,,,,,,
2321,khazid'hea,78,hr,8,dr,5,,,,,,,,,,,,,,
857,kid gloves,4,dex,1,,,,,,,,,,,,,,,,
2322,kingsblade,104,con,3,hr,8,dr,7,,,,,,,,,,,,
2323,knuckle duster,73,sv br,-3,hr,4,dr,7,,,,,,,,,,,,
1934,la memoire des flammes,80,wis,2,hp,30,mn,50,hr,3,dr,4,,,,,,,,
1769,large round wooden shield,4,con,1,sv br,-3,ac,-4,,,,,,,,,,,,
2465,leather restraints,29,mn,15,hr,2,dr,2,ac,-5,,,,,,,,,,
1195,leggings of dark dragonscale,19,ac,-14,con,1,mv,50,dr,2,,,,,,,,,,
1196,leggings of red dragonscale,19,dex,-1,dr,2,,,,,,,,,,,,,,
1197,leggings of the Clan ,43,hp,10,mn,60,dr,3,,,,,,,,,,,,
1198,leggings of War,55,hr,2,dr,3,wis,-1,dex,1,hp,20,mn,20,,,,,,
472,lich eyes,4,str,1,,,,,,,,,,,,,,,,
2324,Lifebane,238,hp,100,mn,100,hr,13,dr,13,sv sp,-6,ac,-25,,,,,,
2325,lifebane ,213,dr,11,sv sp,-6,sv br,-10,ac,-25,hp,100,mn,100,hr,11,,,,
858,lightweight fighting gloves,28,dex,2,hr,4,,,,,,,,,,,,,,
115,lightweight tin sleeves,4,str,1,,,,,,,,,,,,,,,,
276,lionskin,68,dex,2,dr,8,ac,-60,,,,,,,,,,,,
1199,lizard gaitors ('lizard gaitors' lizard gaitors),13,con,1,cha,-1,hp,10,mv,50,,,,,,,,,,
534,loki's shoes,8,dex,2,mv,100,ac,-20,,,,,,,,,,,,
2326,"Lord Kahl's ""ThievesBlade""",155,dex,2,lck,1,hp,88,hr,8,dr,8,,,,,,,,
277,low-cut furs,78,hp,25,mn,50,dr,7,,,,,,,,,,,,
441,maddening voices,46,wis,-1,hp,25,hr,3,dr,2,,,,,,,,,,
1257,magic lamp,28,int,2,cha,2,hr,1,dr,1,,,,,,,,,,
2327,mahn-Tor's Great Axe,25,hr,2,dr,2,,,,,,,,,,,,,,
859,Malefaction,89,hp,35,mn,35,hr,2,dr,7,,,,,,,,,,
1507,Mark of the Gathering,60,hp,30,mn,30,hr,3,dr,3,,,,,,,,,,
473,Mask of Macabre Visages,65,sv par,-1,hp,35,mn,60,hr,2,dr,3,sv br,-2,,,,,,
1067,Matrix of Desolution (new),136,hr,6,dr,6,sv sp,-10,hp,60,mn,125,,,,,,,,
474,memories of sanity,111,hp,55,mn,55,hr,5,dr,6,ac,-35,,,,,,,,
969,Memories of Spring,78,str,1,wis,3,hp,75,mn,100,,,,,,,,,,
1398,menpo,10,hp,20,sv sp,4,sv br,4,ac,3,,,,,,,,,,
116,metallic arm guards,49,ac,-20,dex,1,hr,3,dr,4,,,,,,,,,,
535,metallic boots,23,ac,-20,dr,3,,,,,,,,,,,,,,
1200,metallic leggings,41,dex,-1,hr,3,dr,3,ac,-10,,,,,,,,,,
278,metallic plate,91,hr,5,dr,5,ac,-45,str,1,hp,50,,,,,,,,
1399,Metheluseh's Amulet,41,wis,2,hp,10,mn,75,hr,-2,,,,,,,,,,
1068,Millennium,136,wis,2,hp,45,mn,175,hr,5,dr,5,age,1000,,,,,,
2328,misinkii blade,53,wis,2,hp,10,hr,2,dr,4,,,,,,,,,,
536,moccasins,74,dex,3,mn,50,hr,4,dr,4,ac,-15,sv par,-2,,,,,,
2329,Mournblade,148,int,-3,wis,-3,hr,10,dr,10,,,,,,,,,,
606,mystical thread,24,con,1,hp,-5,mn,-10,str,1,wis,2,dex,-1,,,,,,
970,Neptune's golden crown,35,lck,2,mn,20,int,1,wis,1,cha,4,,,,,,,,
2330,Neptune's Trident,75,hp,20,mn,30,hr,4,dr,3,int,2,wis,1,dex,1,,,,
279,ninja gi,53,str,1,dex,3,mv,150,hr,3,dr,3,,,,,,,,
2331,ninja-to,88,hr,7,dr,7,,,,,,,,,,,,,,
2332,noble's longsword,25,hr,2,dr,2,,,,,,,,,,,,,,
280,Nohrish leather plate armor,306,str,-5,dex,-10,hp,-500,,,,,,,,,,,,
2333,Oblivion,250,dr,16,sv sp,-10,ac,-25,hp,100,hr,16,,,,,,,,
537,obsidian boots,71,dr,4,sv br,-2,ac,-15,dex,3,hp,20,hr,4,,,,,,
1202,obsidian leggings,35,dex,2,hp,10,dr,3,ac,-15,,,,,,,,,,
117,obsidian sleeves,64,str,1,hp,15,dr,7,sv sp,-2,ac,-20,,,,,,,,
2334,onyx whip,63,hr,5,dr,5,,,,,,,,,,,,,,
1258,orb of fire,45,hp,-30,hr,3,dr,2,,,,,,,,,,,,
281,ornamental breastplate,20,cha,2,mn,50,mv,100,ac,-10,,,,,,,,,,
1400,ornate robes,8,int,1,wis,1,,,,,,,,,,,,,,
860,ornately designed gauntlets,20,str,2,hr,1,dr,1,,,,,,,,,,,,
1203,pair of azure trousers,36,str,1,wis,-2,hr,2,dr,2,ac,-7,,,,,,,,
119,pair of double chainmail sleeves,15,hp,10,hr,-2,sv par,-1,,,,,,,,,,,,
442,pair of gold earrings,8,int,1,dex,1,ac,-5,,,,,,,,,,,,
607,panther-crested ring,13,str,1,dex,1,hr,1,,,,,,,,,,,,
1069,philosopher's stone ,15,int,2,wis,2,,,,,,,,,,,,,,
1401,pine cloak,31,hp,50,mn,25,,,,,,,,,,,,,,
608,pink ice ring,7,str,1,hp,6,,,,,,,,,,,,,,
1935,plaid cotton apron,4,str,1,,,,,,,,,,,,,,,,
282,plate of Magic,121,ac,-35,str,2,con,1,hp,35,mn,60,hr,5,dr,7,,,,
538,polished brass boots,7,dex,1,hp,6,mv,40,ac,-5,,,,,,,,,,
861,polished brass gauntlets,13,hr,1,dr,1,sv sp,-1,,,,,,,,,,,,
1204,polished brass leggings,9,ac,-4,hp,8,hr,1,,,,,,,,,,,,
283,polished brass plate,20,hp,20,hr,2,sv sp,-5,ac,-10,,,,,,,,,,
1936,polished girth of brass,5,hp,10,sv sp,-3,,,,,,,,,,,,,,
539,polished platinum boots,9,dex,1,hp,10,mv,100,,,,,,,,,,,,
862,polished platinum gauntlets,30,hp,10,hr,2,dr,2,,,,,,,,,,,,
1205,polished platinum leggings,18,dex,2,hp,10,hr,1,ac,-4,,,,,,,,,,
284,polished platinum plate,68,con,2,hp,40,hr,2,dr,4,ac,-15,,,,,,,,
120,polished platinum sleeves,21,hp,15,hr,2,ac,-4,str,1,,,,,,,,,,
1206,polished silver leggings,6,mn,5,hr,1,,,,,,,,,,,,,,
285,polished silver plate,28,mn,35,hr,3,ac,-10,str,1,,,,,,,,,,
121,polished silver sleeves,9,mn,15,hr,1,ac,-4,,,,,,,,,,,,
2336,Poseidon's Coral Trident,133,wis,2,hp,50,hr,8,dr,8,,,,,,,,,,
1402,pure Chaos,54,hr,2,dr,4,dex,1,hp,20,,,,,,,,,,
2467,Queen Guenevere's bracelet,38,mn,30,dr,3,str,2,,,,,,,,,,,,
122,quilted leather sleeves,21,str,1,hp,10,hr,1,dr,1,,,,,,,,,,
2337,ram horns,26,hr,3,dr,-1,con,1,,,,,,,,,,,,
2338,razor sharp scalpel,163,hp,80,mn,20,hr,10,dr,9,,,,,,,,,,
540,red scalemail boots,1,sv br,-1,hp,2,,,,,,,,,,,,,,
2339,"red steel warhammer called ""Mage Masher""",101,str,1,hp,15,hr,6,dr,8,ac,-15,,,,,,,,
610,Ring of Kings,39,hp,25,dr,3,sv br,-1,sv rod,-1,str,1,,,,,,,,
611,ring of Saturnalia,81,int,2,wis,1,hp,40,mn,50,hr,3,dr,3,sv rod,-3,,,,
74,robe of the magi,15,mn,60,sv sp,-5,,,,,,,,,,,,,,
1259,Rod of Solomon,49,mv,-100,dr,4,str,-1,hp,20,mn,20,,,,,,,,
2340,sapphire scythe,60,int,2,dr,7,,,,,,,,,,,,,,
2341,Satan's Pitchfork,185,hp,120,hr,10,dr,10,,,,,,,,,,,,
1403,scales of alpha & omega,59,hp,50,mn,75,dr,2,,,,,,,,,,,,
2342,Sceptre of Bedevilment,170,hr,8,dr,10,ac,-10,str,1,cha,2,lck,1,hp,50,mn,60,,
1260,sceptre of Judgement,63,hr,5,dr,5,,,,,,,,,,,,,,
2343,sceptre of Strife,40,hp,5,dr,5,sv sp,-5,,,,,,,,,,,,
864,scorched red gauntlets,58,dr,2,str,4,int,-1,wis,-3,hp,25,,,,,,,,
2344,serpent's Fang,136,dex,3,hp,50,hr,5,dr,10,ac,-15,,,,,,,,
612,Set's ring of Power,89,int,2,hp,50,mn,25,hr,4,dr,4,,,,,,,,
2345,Shaft of Light,215,str,-2,wis,1,lck,1,hp,125,mn,50,hr,10,dr,10,ac,-25,,
443,shard of onyx,73,hp,40,hr,3,dr,5,,,,,,,,,,,,
2346,sharp metal spike,59,dex,1,hr,5,dr,4,,,,,,,,,,,,
1770,shield of red dragonscale,15,dr,2,ac,-15,,,,,,,,,,,,,,
1771,shield of the Valkyrie,75,hr,2,dr,5,sv sp,-4,sv psn,-4,ac,-10,hp,30,mn,50,,,,
1261,Shifting black flames,36,hp,26,dr,3,,,,,,,,,,,,,,
2347,shimmergloom's Claw,88,hr,7,dr,7,sv br,-3,,,,,,,,,,,,
75,shroud of darkness (old),156,sv sp,-10,ac,-20,hp,75,mn,75,hr,8,dr,8,,,,,,
1508,sigil of Aalakab,19,dex,1,hp,20,mn,20,mv,20,ac,-20,,,,,,,,
613,signet of Aurora,19,str,1,hp,15,dr,1,,,,,,,,,,,,
541,Silver boots of Camelot,36,dex,2,con,1,hr,2,dr,2,,,,,,,,,,
444,silver catskull earring,88,str,1,dex,1,hp,40,hr,3,dr,6,,,,,,,,
971,Silver crescent,120,int,2,hp,110,mn,110,dr,4,sv br,-4,,,,,,,,
124,silver dragonhide armguards,70,lck,1,hp,30,mn,35,hr,4,dr,3,ac,-15,,,,,,
2348,silvery longsword with black runes,70,str,1,mn,35,hr,4,dr,5,,,,,,,,,,
865,Sin,55,hp,35,dr,5,sv sp,-8,ac,-35,,,,,,,,,,
972,Slave Crown,225,int,-20,wis,-20,dex,-20,,,,,,,,,,,,
125,sleeves of Kahl,95,dr,7,ac,-25,str,1,dex,2,mn,25,hr,5,,,,,,
126,Sleeves of Power,75,str,1,hp,15,mn,15,hr,3,dr,6,,,,,,,,
127,slime of the gargoyle,30,ac,-5,str,-1,hp,15,mn,15,dr,2,,,,,,,,
974,small helmet,11,int,3,,,,,,,,,,,,,,,,
2349,snake-headed whip,25,hr,2,dr,2,,,,,,,,,,,,,,
2350,snake-headed whip,25,dr,2,hr,2,,,,,,,,,,,,,,
2351,snake-headed whip,25,hr,2,dr,2,,,,,,,,,,,,,,
287,some dark robes,8,mn,30,,,,,,,,,,,,,,,,
1211,some leather leggings,7,dex,1,hp,6,,,,,,,,,,,,,,
129,some leather sleeves,8,hp,5,hr,1,,,,,,,,,,,,,,
130,some mithril sleeves,13,hr,1,dr,1,,,,,,,,,,,,,,
131,some platinum armbands,13,str,1,wis,-1,hr,1,,,,,,,,,,,,
1212,some platinum legbands,15,int,-1,dex,1,dr,1,,,,,,,,,,,,
132,some silvery arm plates,4,con,1,,,,,,,,,,,,,,,,
288,some silvery leg plates,15,hr,3,,,,,,,,,,,,,,,,
289,some tattered rags,26,str,2,wis,2,cha,-3,,,,,,,,,,,,
2353,Soulslayer,133,hp,40,mn,40,hr,10,dr,7,ac,-25,sv par,-2,,,,,,
2354,spear of Athena,103,wis,2,dex,1,hp,25,hr,6,dr,6,ac,-10,str,1,,,,
867,spiked chain gauntlets,59,str,1,mv,-1,hr,-2,dr,6,,,,,,,,,,
290,spiked black platemail,15,hp,5,hr,1,dr,1,,,,,,,,,,,,
291,Spiral of Daeva,125,dex,-1,lck,1,hp,100,dr,9,,,,,,,,,,
2355,Staff of Laurieness,94,ac,6,int,1,hp,40,mn,40,hr,3,dr,6,,,,,,
1835,staff of Mourning,63,dr,3,sv sp,-3,sv rod,-3,ac,-10,mn,100,hr,-3,,,,,,
545,steel boots (old),40,hr,2,dr,4,ac,-5,,,,,,,,,,,,
868,steel gauntlets,59,hr,2,dr,6,sv psn,-1,str,1,,,,,,,,,,
1213,steel leggings,26,dex,1,dr,3,ac,-5,,,,,,,,,,,,
133,steel sleeves,73,dr,7,sv psn,-2,ac,-20,hr,4,,,,,,,,,,
2358,sting,8,dex,2,,,,,,,,,,,,,,,,
615,stone of b'alanthi,46,hr,3,dr,3,ac,-10,dex,1,hp,10,,,,,,,,
293,straitjacket,121,hr,5,dr,6,str,3,dex,-4,hp,50,mv,-150,,,,,,
294,suit of spiked garde armor,15,dr,2,,,,,,,,,,,,,,,,
134,Sun Moon and Stars,89,int,1,hp,25,hr,4,dr,7,,,,,,,,,,
2359,sword of equilibrium,100,hp,50,hr,6,dr,6,sv sp,-12,,,,,,,,,,
2360,Sword of Legend,261,con,2,lck,2,hp,75,mn,125,hr,13,dr,13,ac,-20,str,2,dex,2
869,swordsman's gloves,18,hr,2,dr,1,,,,,,,,,,,,,,
1262,Taint of Corruption,88,hp,50,mn,50,hr,4,dr,4,,,,,,,,,,
1404,talisman of Darkfire,58,hp,30,mn,80,dr,3,,,,,,,,,,,,
1405,Talisman of the Black Dragon,73,hr,3,dr,3,sv br,-3,int,2,hp,30,mn,50,,,,,,
77,tattered plaid cloak,6,cha,-1,hp,5,ac,-5,,,,,,,,,,,,
2361,taulmaril,64,dex,3,mv,50,dr,7,,,,,,,,,,,,
1070,The Adventurer's Guide to the Realms of Despair,11,int,1,wis,1,con,1,,,,,,,,,,,,
297,the Aegis,165,str,2,dex,2,hp,100,mn,100,hr,6,dr,6,,,,,,
1406,the amulet,8,con,2,,,,,,,,,,,,,,,,
1407,the Amulet of Ra,34,mn,45,dr,3,,,,,,,,,,,,,,
1408,the Amulet of Solace,23,dr,3,,,,,,,,,,,,,,,,
1409,the Amulet of the Sun,43,mn,60,hr,1,dr,3,,,,,,,,,,,,
1263,the ancient banner of the Clan Dubh Glas,150,mn,100,hr,6,dr,6,hp,100,,,,,,,,,,
2363,the Aurorian crested sword,16,con,1,hp,15,mv,10,hr,1,,,,,,,,,,
2364,the Avalanche,31,str,1,hp,15,hr,4,,,,,,,,,,,,
1264,the banner of royal colors,30,hp,10,hr,2,dr,2,,,,,,,,,,,,
1773,The Battlehammer clan shield,36,sv br,-5,sv rod,-3,ac,-30,dex,-1,hp,15,hr,2,dr,2,sv sp,-4,,
1937,the belt of life,11,con,3,,,,,,,,,,,,,,,,
1938,the black belt of Tigorly,54,hp,-25,mn,-30,dr,4,str,1,,,,,,,,,,
2365,"the black hilted sword ""Shieldbreaker""",194,sv psn,-8,ac,-10,hp,100,mn,75,hr,10,dr,10,,,,,,
298,the black plate of Hades,138,hp,100,hr,7,dr,7,sv sp,-4,sv br,-2,ac,-55,,,,,,
1071,the Black Rod of the Four Winds,99,str,1,wis,1,hp,50,mn,75,hr,2,dr,5,,,,,,
1410,the Blackstone Amulet,20,mn,50,sv sp,-3,int,2,,,,,,,,,,,,
2366,the Blade of Justice,131,str,2,dex,-1,hp,60,mn,30,hr,6,dr,7,,,,,,
475,the Blindfold of Clarity,80,sv par,-3,hp,40,mn,50,hr,-2,dr,5,,,,,,,,
2367,the Bloody Axe of War,124,hp,50,hr,7,dr,7,str,1,con,2,,,,,,,,
2468,the bracer of Dantrag Baenre,42,dex,2,hp,8,hr,6,sv sp,-3,sv rod,-3,ac,-5,,,,,,
1265,the brand of Doom,48,hp,20,dr,5,sv sp,-2,sv par,-4,,,,,,,,,,
299,the Breastplate of the Ravager,158,sv br,-3,ac,-90,sv par,-3,str,2,hp,125,hr,7,dr,7,sv sp,-3,,
1411,the captain's cloak,35,hr,1,dr,4,,,,,,,,,,,,,,
975,the Cat's Eye,33,hr,5,dr,1,age,-20,,,,,,,,,,,,
445,the circlet of Solomon,28,mv,-50,hr,1,dr,2,hp,10,mn,10,,,,,,,,
2368,the claw of a forest bear,11,str,1,con,2,,,,,,,,,,,,,,
1413,the Cloak of Bloodlust,63,sv sp,-3,int,1,dex,1,hp,35,hr,3,dr,3,,,,,,
1414,The Cloak of Bloodlust (old),49,int,2,wis,1,hr,3,dr,3,,,,,,,,,,
78,the cloak of Death,70,dr,4,age,40,str,1,dex,3,mn,20,mv,50,hr,4,,,,
476,the Crystal Lens,4,int,1,sv par,-3,,,,,,,,,,,,,,
2369,the Daemon Claw,10,hr,-2,,,,,,,,,,,,,,,,
300,the Damned Plate of Mordred,98,hp,90,dr,7,,,,,,,,,,,,,,
1072,the Death Sceptre,11,ac,-40,str,2,con,1,,,,,,,,,,,,
301,the Delasu armor plate,88,ac,-15,str,2,wis,1,mn,75,hr,4,dr,5,,,,,,
976,the Delasu helm,50,ac,-15,int,2,wis,1,hp,4,mn,25,dr,4,,,,,,
2370,the devil rod,14,str,1,hr,2,,,,,,,,,,,,,,
2371,The Dragon Claw of Legend,259,hp,120,mn,120,hr,12,dr,12,int,2,con,2,lck,1,,,,
302,the Dragonhide Breastplate,161,str,1,con,2,hp,100,mn,50,hr,7,dr,7,sv sp,-3,sv br,-4,ac,-60
1266,the DragonOrb of Gealcath,58,lck,2,mn,25,hr,2,dr,4,wis,1,,,,,,,,
446,the earrings of Solace,3,hp,5,ac,-3,,,,,,,,,,,,,,
616,the earth ring,16,str,1,int,1,wis,1,hp,10,,,,,,,,,,
2372,the ebony kris,45,dex,2,dr,5,,,,,,,,,,,,,,
79,the essence of kundalini,138,hp,75,mn,40,hr,6,dr,8,,,,,,,,,,
2373,the Fewmaster's dagger,20,hr,4,,,,,,,,,,,,,,,,
2374,the Fire god's blade,119,hr,5,dr,5,ac,-15,str,2,wis,-3,hp,25,mn,100,,,,
2375,the Firestaff,58,hr,4,dr,5,sv rod,-5,,,,,,,,,,,,
1838,the Flame of Entropy,4,str,1,,,,,,,,,,,,,,,,
2376,the gamekeeper's whip,73,hp,30,hr,7,dr,3,,,,,,,,,,,,
870,The Gauntlet,50,hp,25,hr,3,dr,3,,,,,,,,,,,,
1267,the golden apple of discord,24,cha,3,mn,50,,,,,,,,,,,,,,
2377,the Golden Claw,45,dr,6,,,,,,,,,,,,,,,,
2378,the golden club,119,str,3,hr,5,dr,11,,,,,,,,,,,,
2379,the Golden Dragonclaw,81,str,1,hp,25,hr,4,dr,6,,,,,,,,,,
1073,the golden staff of the Hunter,34,dex,1,hp,20,mn,20,dr,2,,,,,,,,,,
2380,the Great Dipper of the Skies,25,hr,2,dr,2,,,,,,,,,,,,,,
1983,the green wand,10,mn,40,ac,-7,,,,,,,,,,,,,,
2381,"the grey-hilted weapon ""Mindsword""",146,cha,1,hp,40,hr,8,dr,10,int,1,wis,1,,,,,,
1774,the griffin heraldic shield,4,con,1,,,,,,,,,,,,,,,,
2382,the halberd,16,hp,2,dr,2,,,,,,,,,,,,,,
2383,the hammer of deception,39,cha,2,lck,1,hr,-1,dr,3,ac,-20,,,,,,,,
1415,the healer's medallion,10,lck,-1,hp,5,mn,15,,,,,,,,,,,,
977,the Helm of Dragonkind,31,str,-1,int,1,hp,15,mn,15,hr,1,dr,1,ac,-10,,,,
978,the Helm of Honour,18,ac,-12,int,2,wis,1,mn,25,,,,,,,,,,
979,the Helm of Light,78,hp,40,mn,50,hr,3,dr,4,sv sp,3,sv psn,3,sv br,3,sv par,3,,
80,the hide of the python,4,con,1,,,,,,,,,,,,,,,,
2384,the Holy Avenger,55,hp,10,hr,1,dr,6,ac,-8,,,,,,,,,,
81,the Holy Cloak of Power,39,str,2,mn,125,,,,,,,,,,,,,,
980,the Hood of Bloodlust,75,ac,-20,hr,6,dr,6,,,,,,,,,,,,
2385,the Horn of Apis,110,wis,2,hp,25,mn,100,hr,4,dr,6,,,,,,,,
135,the Ice Arm Guards,49,str,1,dr,6,ac,-10,,,,,,,,,,,,
447,the Ice Earrings,13,mn,50,ac,-5,,,,,,,,,,,,,,
547,the Ice Shoes,11,dex,3,ac,-15,,,,,,,,,,,,,,
871,the Iron Hand of Kargoth,68,mn,20,dr,6,str,2,hp,20,,,,,,,,,,
1776,the large steel shield,50,mn,50,hr,3,dr,3,ac,-15,,,,,,,,,,
303,the livery of the royal house,8,cha,2,,,,,,,,,,,,,,,,
304,the Livery of the Sea King,49,str,2,wis,1,lck,2,hp,30,dr,2,sv br,-5,ac,-10,,,,
2386,the Mace of Goodness,136,wis,3,mn,75,hr,7,dr,9,str,-1,,,,,,,,
1268,the Mark of the King,41,str,-1,hp,15,hr,3,dr,2,,,,,,,,,,
981,the Mask of Darkness,4,wis,-1,ac,-15,,,,,,,,,,,,,,
982,the Mask of Disfigurement,110,cha,-6,hp,60,mn,50,hr,3,dr,4,sv sp,6,,,,,,
2387,the Maul of Stone,204,str,3,hp,150,hr,10,dr,9,,,,,,,,,,
1416,the Medal of Clan Freedom,79,hr,4,dr,2,sv rod,-10,dex,-1,hp,50,mn,60,,,,,,
1417,the Medallion of Faith,38,wis,2,hp,60,sv sp,-5,,,,,,,,,,,,
1418,the Medallion of Honor,40,hr,2,dr,4,,,,,,,,,,,,,,
2388,the Mithril Hall head cleric's staff,23,int,1,mn,75,,,,,,,,,,,,,,
2390,the Morning Star ,25,hr,-5,ac,-3,,,,,,,,,,,,,,
983,the obsidian helmet,63,dr,5,ac,-20,sv par,-2,hp,50,,,,,,,,,,
617,the One Ring,5,mn,20,ac,10,,,,,,,,,,,,,,
1840,the Orb of the Gold Dragon,26,lck,2,mn,15,sv sp,-4,ac,-8,int,2,wis,2,,,,,,
1269,the Orb of the Sun,78,int,2,wis,2,hp,50,mn,50,hr,2,dr,2,,,,,,
2391,the Protector of Naris,71,str,1,hp,20,mn,20,dr,7,,,,,,,,,,
1270,the rainbow staff,4,wis,1,,,,,,,,,,,,,,,,
548,the rear claws of a red dragon,19,dex,-1,dr,2,,,,,,,,,,,,,,
1841,the Red DragonOrb,15,int,2,wis,2,,,,,,,,,,,,,,
1075,the red-eyed jewel,8,int,2,,,,,,,,,,,,,,,,
1076,the red-eyed jewel,8,int,2,,,,,,,,,,,,,,,,
618,the Ring of Dignity,14,mn,25,int,2,,,,,,,,,,,,,,
619,the ring of metamorphosis,28,str,-1,int,-1,wis,1,dex,2,con,1,hp,10,,,,,,
620,the ring of the ancient gods,89,dr,4,dex,2,hp,50,mn,45,hr,3,,,,,,,,
621,the ring of the universe,18,hp,30,mn,10,,,,,,,,,,,,,,
622,the ring of wisdom,18,wis,2,hr,2,sv par,-5,,,,,,,,,,,,
623,the Ring of Wizardry,88,dr,3,sv sp,-5,sv rod,-5,int,2,wis,2,hp,40,mn,60,hr,3,,
82,the Robe of Night,40,hp,30,mn,45,hr,-2,sv rod,-5,ac,-20,str,1,,,,,,
83,the Robe of the Magi,118,ac,-20,sv par,-3,dex,2,hp,60,mn,80,dr,8,sv sp,-10,sv br,-10,,
1077,the Rod of Charon,56,mn,50,dr,2,str,1,hp,50,,,,,,,,,,
2392,the Rod of Divinity (old),158,dr,6,sv sp,-3,sv rod,-3,int,1,wis,1,hp,100,mn,100,hr,6,,
2393,the rod of might,14,str,1,hr,2,,,,,,,,,,,,,,
1271,the Rod of Neutrality,38,dr,5,,,,,,,,,,,,,,,,
2394,the rod of weaponry,38,hr,3,dr,3,,,,,,,,,,,,,,
1842,the Rosewood Staff,33,str,-1,int,2,dex,-1,mn,30,hr,2,,,,,,,,
1078,the Ruling Sceptre,118,cha,8,hp,50,mn,50,hr,4,dr,4,,,,,,,,
305,the scarlet robes of Aurora,56,hr,-3,dr,2,age,20,str,-1,int,2,wis,2,con,2,,,,
1272,the Sceptre of Might,25,hr,2,dr,2,,,,,,,,,,,,,,
1985,the Scythe of Death,11,con,-3,age,20,,,,,,,,,,,,,,
872,The Sentinel,6,mn,25,pick,25,,,,,,,,,,,,,,
985,the shade helm,105,hp,100,hr,5,dr,4,sv br,-9,,,,,,,,,,
624,the shade ring,51,str,2,dex,1,hp,25,hr,1,dr,3,,,,,,,,
1777,the shade shield,60,dex,-2,hr,3,dr,4,str,2,,,,,,,,,,
477,the shades,23,dr,3,,,,,,,,,,,,,,,,
1778,the shadow shield,23,mn,30,dr,2,sv br,-3,,,,,,,,,,,,
1779,the shield of defense,13,hp,15,hr,1,ac,-10,,,,,,,,,,,,
1780,the Shield of Honour,23,ac,-20,hp,25,hr,2,,,,,,,,,,,,
1781,the Shield of the Ravager,98,hp,50,hr,7,dr,5,ac,-50,,,,,,,,,,
1783,the Shield of the South Wind,19,str,1,dex,3,con,1,,,,,,,,,,,,
1784,the Shield of War,38,sv br,-3,sv rod,-3,sv par,-3,hp,30,dr,3,,,,,,,,
1986,the Sigil Cura,20,str,-2,int,-1,hp,10,mn,15,ac,-5,,,,,,,,
1273,the sigil of Aakalab,19,hp,20,mn,20,mv,20,ac,-20,dex,1,,,,,,,,
1274,the sigil of Adonia,19,wis,1,hp,20,mn,20,mv,20,ac,-20,,,,,,,,
1275,the sigil of A'enaar,19,mn,20,mv,20,ac,-20,str,1,hp,20,,,,,,,,
1276,the sigil of Bor'Hin,19,str,1,hp,20,mn,20,mv,20,ac,-20,,,,,,,,
1277,the sigil of Brittany,19,mn,20,mv,20,ac,-20,lck,1,hp,20,,,,,,,,
1278,the sigil of Brontrel,19,con,1,hp,20,mn,20,mv,20,ac,-20,,,,,,,,
1279,the sigil of Cabal,19,mv,20,ac,-20,str,1,hp,20,mn,20,,,,,,,,
1280,the sigil of Ch'Aranol,19,str,1,hp,20,mn,20,mv,20,ac,-20,,,,,,,,
1281,the sigil of Circe,19,ac,-30,cha,1,hp,20,mn,20,mv,20,,,,,,,,
1282,the sigil of Cru'udakh,19,str,1,hp,20,mn,20,mv,20,ac,-20,,,,,,,,
1283,the sigil of Damian,19,ac,-20,dex,1,hp,20,mn,20,mv,20,,,,,,,,
1284,the sigil of Dominus,19,int,1,hp,20,mn,20,mv,20,ac,-20,,,,,,,,
1285,the sigil of Er'res,19,str,1,hp,20,mn,20,mv,20,ac,-20,,,,,,,,
1286,the sigil of E'soa,19,str,1,hp,20,mn,20,mv,20,ac,-20,,,,,,,,
1287,the sigil of Eustathius,19,con,1,hp,20,mn,20,mv,20,ac,-20,,,,,,,,
1288,the sigil of Finaglera,19,hp,20,mn,20,mv,20,ac,-20,str,1,,,,,,,,
1289,the sigil of Grishnakh,19,str,1,hp,20,mn,20,mv,20,ac,-20,,,,,,,,
1290,the sigil of Il'Liara,19,hp,20,mn,20,mv,20,ac,-20,str,1,,,,,,,,
1291,the sigil of Jade,19,con,1,hp,20,mn,20,mv,20,ac,-20,,,,,,,,
1292,the sigil of Kali,19,mn,20,mv,20,ac,-20,dex,1,hp,20,,,,,,,,
1293,the sigil of Laschte,19,str,1,hp,20,mn,20,mv,20,ac,-20,,,,,,,,
1294,the sigil of Law,10,mn,40,,,,,,,,,,,,,,,,
1295,the sigil of Nae'trelle,19,mn,20,mv,20,ac,-20,str,1,hp,20,,,,,,,,
1296,the sigil of Omanith,19,wis,1,hp,20,mn,20,mv,20,ac,-20,,,,,,,,
1297,the sigil of Sa'acera,19,mn,20,mv,20,ac,-20,str,1,hp,20,,,,,,,,
1298,the sigil of Scryn,19,str,1,hp,20,mn,20,mv,20,ac,-20,,,,,,,,
1299,the sigil of Sylvi'lea,19,mv,20,ac,-20,wis,1,hp,20,mn,20,,,,,,,,
1300,the sigil of Taboo,19,str,1,hp,20,mn,20,mv,20,ac,-20,,,,,,,,
1301,the sigil of Vaiza,19,ac,-20,int,1,hp,20,mn,20,mv,20,,,,,,,,
1302,the sigil of Vl'arescht,19,con,1,hp,20,mn,20,mv,20,ac,-20,,,,,,,,
1303,the sigil of Volarh,19,ac,-20,dex,1,hp,20,mn,20,mv,20,,,,,,,,
1304,the sigil of Witherin,19,str,1,hp,20,mn,20,mv,20,ac,-20,,,,,,,,
625,the signet of Laurieness,90,hp,50,mn,50,hr,3,dr,3,int,2,dex,2,,,,,,
626,the signet of Solace,38,hp,25,hr,2,dr,2,sv par,-1,,,,,,,,,,
2396,the Snake's eye,213,mn,75,hr,11,dr,12,dex,1,hp,90,,,,,,,,
1419,the Solace charm,7,wis,1,hp,6,ac,-5,,,,,,,,,,,,
2397,the Souldrinker,143,hp,60,mn,60,hr,6,dr,9,,,,,,,,,,
1305,the source of magie noire,55,hp,20,mn,50,hr,2,dr,3,,,,,,,,,,
306,the Spoils of Thievery,154,dex,3,lck,2,hp,95,hr,7,dr,7,ac,-50,,,,,,
1942,the steel girth,41,dex,-1,hr,3,dr,3,ac,-15,,,,,,,,,,
986,the steel helmet,69,dr,6,ac,-10,int,1,hp,20,hr,2,,,,,,,,
2398,the Sting of Scorpio,23,hr,3,dr,1,,,,,,,,,,,,,,
1079,the Storm,128,hp,70,mn,130,hr,3,dr,6,,,,,,,,,,
2399,the sword Excalibur,68,hp,30,hr,3,dr,4,ac,-15,str,1,con,1,,,,,,
2400,the Sword of Faith,93,str,2,wis,2,hr,8,dr,5,sex,-1,,,,,,,,
2401,the Sword of Honour,125,mn,40,hr,11,dr,7,ac,-10,str,1,dex,1,,,,,,
2402,the Sword of the Sun,140,hp,80,mn,40,hr,6,dr,8,,,,,,,,,,
2403,the tarrasque's Horn,120,hr,9,dr,10,,,,,,,,,,,,,,
1943,the thain girth,8,wis,2,,,,,,,,,,,,,,,,
2404,the Thunderbolt,173,hp,80,mn,80,hr,9,dr,9,sv par,-2,,,,,,,,
1080,the tiger jewel,4,dex,1,,,,,,,,,,,,,,,,
136,the Titanic Arm plates of Hercules,19,str,1,dr,2,,,,,,,,,,,,,,
1944,the Titanic Belt of Orion,8,con,2,,,,,,,,,,,,,,,,
2405,the Titanic Bow of Sagittarius,28,hr,1,dr,3,,,,,,,,,,,,,,
549,the Titanic Hoof of Taurus,8,mv,50,dr,1,,,,,,,,,,,,,,
873,the Titanic Horns of Capricorn,30,hr,3,dr,2,,,,,,,,,,,,,,
987,the Titanic Mask of Gemini,11,str,1,dex,2,,,,,,,,,,,,,,
1785,the Titanic Scale of Libra,3,hp,5,ac,-3,,,,,,,,,,,,,,
1214,the Titanic Tail of Pisces,8,dex,-2,ac,-2,,,,,,,,,,,,,,
1306,the Unholy Symbol of the Damned,155,mn,150,hr,5,dr,7,sv par,-3,hp,80,,,,,,,,
478,the visor of truth,10,str,-1,wis,1,hp,5,,,,,,,,,,,,
1846,the Wand of Decay,58,con,2,hp,25,dr,5,ac,-25,age,-100,,,,,,,,
1081,the wand of Orcus,100,mn,150,hr,5,dr,5,ac,-50,,,,,,,,,,
1987,the wand of Orcus,100,mn,150,hr,5,dr,5,ac,-50,,,,,,,,,,
308,the white robes of Aurora,56,str,-1,int,2,wis,2,con,2,hr,-3,dr,-2,age,20,,,,
2406,topaz staff,83,hp,50,hr,7,dr,3,,,,,,,,,,,,
988,torn blackened muzzle,43,hp,25,dr,4,,,,,,,,,,,,,,
989,Tornado,83,hp,20,mn,30,mv,50,hr,4,dr,6,,,,,,,,
875,Tornado (on hands),83,dr,6,hp,20,mn,30,mv,50,hr,4,,,,,,,,
1786,Tornado (shield),83,hp,20,mn,30,mv,50,hr,4,dr,6,,,,,,,,
309,torso of red dragonscale,70,hr,3,dr,3,ac,-25,dex,-2,con,2,hp,35,mv,-50,,,,
137,Transylvanian Armbands,14,mn,15,hr,2,ac,-10,,,,,,,,,,,,
87,troll skin,11,str,2,con,1,,,,,,,,,,,,,,
876,troll skin gauntlets,54,str,3,int,-1,hp,3,dr,5,sv sp,2,sv par,-2,,,,,,
88,Turtle Dragon Shell,8,dex,-2,ac,-40,,,,,,,,,,,,,,
2408,twinkle,47,hp,4,dr,6,ac,-5,,,,,,,,,,,,
479,Uncertainty,166,hr,7,dr,7,ac,-15,wis,-3,lck,2,hp,80,mn,80,,,,
1945,une chane carbonis de metal,80,wis,2,hp,30,mn,50,hr,3,dr,4,,,,,,,,
990,veil of Divine Wrath,160,hp,80,mn,80,hr,8,dr,8,sv sp,-8,,,,,,,,
480,veil of Hecate,60,hp,40,mn,60,hr,2,dr,2,,,,,,,,,,
2409,veve of flames,191,int,1,hp,60,mn,80,hr,11,dr,11,,,,,,,,
481,Visage of Bloodlust,59,sv par,-3,lck,1,hp,35,dr,5,ac,-25,,,,,,,,
482,visions descending,20,int,2,mn,50,,,,,,,,,,,,,,
483,visions of insanity,181,wis,-3,lck,2,hp,80,mn,80,hr,7,dr,9,ac,-15,,,,
484,visor of dark,33,hp,10,hr,4,dr,1,,,,,,,,,,,,
485,visor of knowledge,48,hp,15,hr,2,dr,4,,,,,,,,,,,,
486,visor of light,35,hp,10,hr,3,dr,2,,,,,,,,,,,,
2410,voulge,15,hr,3,,,,,,,,,,,,,,,,
310,War's blood-covered breastplate,103,str,2,hp,40,hr,6,dr,6,,,,,,,,,,
991,War's blood-covered helm,78,int,1,wis,-1,mn,30,hr,5,dr,5,,,,,,,,
2411,War's bloody sword,115,hp,50,hr,6,dr,6,dex,2,con,2,,,,,,,,
550,weathered boots,46,hr,1,dr,5,dex,1,mv,100,,,,,,,,,,
311,webbed armor,13,int,1,wis,1,mn,20,,,,,,,,,,,,
312,white cloak of Damarane,10,mn,25,wis,1,,,,,,,,,,,,,,
313,white scale mail,65,int,-1,wis,-1,hp,25,hr,3,dr,4,sv sp,-4,ac,-15,,,,
89,white shirt,36,hr,3,dr,-1,con,2,mn,25,,,,,,,,,,
551,wind boots,16,dex,2,mn,15,mv,100,hr,1,,,,,,,,,,
1422,wooden ankh,11,str,-1,wis,2,age,100,,,,,,,,,,,,
90,wraith shroud,38,hp,30,mn,30,dr,2,,,,,,,,,,,,
627,yellow and green ring,13,ac,-4,str,-1,lck,1,hp,10,,,,,,,,,,
552,yellow winged boots,8,dex,2,,,,,,,,,,,,,,,,
